,louvain,UMAP_1,UMAP_2
TTCCGGTCACTATCCC-1_PBMC-PBMCs,7,-2.94157,8.13563
GTGCTGGTCATGCCCT-1_PBMC-PBMCs,7,-3.3549213,8.486617
GGGTAGAGTACCGCGT-1_A549-A549,0,-3.6450875,11.452177
CCATAAGCACGACGAA-1_HTB178_HTB178-HTB178,2,-0.87790054,8.778669
GTCACGGCAACATCGT-1_A549-A549,0,-3.5516272,12.489709
CACCGTTAGGTCCAGA-1_PBMC-PBMCs,3,-4.547462,8.748372
CGTGATAGTATACCCA-1_DV90-DV90,1,3.5914745,1.188993
TGTCAGACAGTGTACT-1_HCC78-HCC78,4,13.731463,4.495617
GACTTCCGTTCTCTCG-1_PC9-PC9,3,-6.988491,8.742592
GGTAGAGAGCCTCAGC-1_HCC78-HCC78,4,14.138802,4.173344
GGTAATCGTTGGAGAC-1_A549-A549,0,-4.3776917,11.395775
TCCGTGTCAGATACCT-1_CRL5868-CRL5868,5,-11.596392,15.221323
CCTTGTGTCCACACAA-1_PBMC-PBMCs,3,-5.0320644,9.305536
GTGCACGAGTGATAGT-1_A549-A549,0,-4.1321445,12.246395
CACACAATCCTATGGA-1_DV90-DV90,1,4.603423,-0.7864728
TTATTGCGTTCCGCTT-1_DV90-DV90,1,4.8214393,-0.89234555
CTTTCGGCAAAGGTTA-1_CRL5868-CRL5868,5,-8.051555,12.656723
GTTGCGGTCTGAGAGG-1_DV90-DV90,1,4.7877445,0.13109836
AGGGCTCAGTAACAGT-1_PBMC-PBMCs,7,-4.455862,9.186793
CACTGGGGTATTGCCA-1_HTB178_HTB178-HTB178,2,0.712589,10.343455
GGGTAGAAGCACGTCC-1_PBMC-PBMCs,7,-4.1473684,7.5405803
CATCGCTAGCGTTGTT-1_HTB178_HTB178-HTB178,2,1.3726819,8.185848
CAGCAATAGCTTTGTG-1_PBMC-PBMCs,3,-6.6305237,10.68773
ATGCATGGTCTCTCCA-1_PC9-PC9,3,-6.1583595,9.861312
GAATAGATCCGGCTTT-1_DV90-DV90,1,5.345115,0.1313632
CACACAATCCAATCTT-1_A549-A549,0,-4.221387,10.712164
GGAATCTCATGACAGG-1_CRL5868-CRL5868,5,-9.344724,13.636736
CGTGATAAGGTCGCCT-1_PBMC-PBMCs,7,-3.7683635,8.243644
CGTGTCTAGTACCCTA-1_PC9-PC9,3,-6.0871286,8.877734
TATACCTGTATAGGAT-1_HTB178_HTB178-HTB178,2,-0.41470313,9.740625
AGCCAGCAGTAGTCCT-1_CRL5868-CRL5868,5,-11.770268,15.798066
TATGTTCCAGGACAGT-1_A549-A549,0,-4.639277,10.761717
TCCTCCCTCATCGACA-1_HTB178_HTB178-HTB178,2,1.2043073,6.297667
TCAGGGCTCTTGTTAC-1_DV90-DV90,1,5.1370025,-0.5452449
CGCCATTCATACAGCT-1_A549-A549,0,-2.6571162,13.147867
ATAGACCTCAGAGCGA-1_A549-A549,0,-4.2782984,11.155365
TGCTTCGGTTCTCTCG-1_PBMC-PBMCs,7,-4.4835663,7.4231234
TTTAGTCGTCAAAGCG-1_DV90-DV90,1,4.5369225,-0.2258118
TGCTCGTCATCATCTT-1_PC9-PC9,3,-7.641574,7.9368668
CGATGCGGTAACGCGA-1_PC9-PC9,3,-7.942483,7.6465135
CTATCTATCTGCGTCT-1_CCL-185-IG-CCL-185-IG,6,-4.893961,14.046866
GAGCTGCCACTCAAGT-1_CRL5868-CRL5868,5,-9.451591,13.908327
TAAGCGTTCAGGTAAA-1_CCL-185-IG-CCL-185-IG,6,-5.6914244,13.456155
ATACCGACAAGGTCGA-1_DV90-DV90,1,4.747445,1.9364222
TTAGGGTCAGGTTCAT-1_HTB178_HTB178-HTB178,2,-0.2108265,8.303956
CAATCGAAGATGCTTC-1_HTB178_HTB178-HTB178,2,-0.116749175,9.975684
ATTCATCAGCGAAACC-1_HCC78-HCC78,4,15.042681,8.241123
TTAGTCTCAGTCGCTG-1_HTB178_HTB178-HTB178,2,1.347282,5.7020116
ACTCCCATCCACTGAA-1_PBMC-PBMCs,7,-3.5134647,7.778142
CCCGGAACAACTGAAA-1_HTB178_HTB178-HTB178,2,0.20303637,6.814328
GGGTGTCTCCGTAGTA-1_CRL5868-CRL5868,5,-8.147773,12.546067
ACGCACGAGGCGTTAG-1_CCL-185-IG-CCL-185-IG,0,-4.4901547,12.8107195
GTGCACGGTAGTCTGT-1_PBMC-PBMCs,0,-4.163744,9.58611
TTCTCTCTCTGGACTA-1_CRL5868-CRL5868,5,-8.896958,13.14912
CGAATTGAGCTGGCCT-1_DV90-DV90,1,4.5234733,0.9890278
GGGATGAAGGTAGTAT-1_DV90-DV90,1,3.542971,-0.3276778
GATGGAGAGCTGACAG-1_HCC78-HCC78,4,14.64527,5.097386
CCCGAAGGTTCAAGGG-1_DV90-DV90,1,4.3412595,-1.3430448
TTTCAGTTCATTTCGT-1_CCL-185-IG-CCL-185-IG,2,-0.80773807,8.221416
GTATTGGCATCCCACT-1_CCL-185-IG-CCL-185-IG,6,-4.8180156,16.043692
TCGTGCTGTCACGCTG-1_HCC78-HCC78,4,14.740002,8.442549
ATTCCTAAGATCGCTT-1_PC9-PC9,3,-7.4435105,7.7575893
GGAATCTCATCTGCGG-1_PBMC-PBMCs,7,-3.5942297,8.517085
AACCTGACACGGGTAA-1_DV90-DV90,1,4.6312437,-0.62701666
CCACAAAGTTAGTTCG-1_CRL5868-CRL5868,5,-7.117604,11.751875
ATTCAGGTCCAGCAAT-1_HCC78-HCC78,4,14.341811,6.684227
CTTCAATCATGGTACT-1_A549-A549,0,-2.0633855,13.048916
TCCACGTAGTGATAGT-1_PC9-PC9,3,-7.9991174,8.3703985
GAAGAATGTTTGGAAA-1_DV90-DV90,1,2.7953792,-0.45530653
TCTCACGTCCCGTTGT-1_A549-A549,0,-3.1298943,12.388102
GAGACCCCAACTGTGT-1_HTB178_HTB178-HTB178,2,1.2674198,8.443714
TGTCCTGAGTCATTGC-1_CCL-185-IG-CCL-185-IG,0,-4.7140584,12.511625
TGCGATATCCACCTCA-1_PC9-PC9,3,-7.4319887,8.566776
CATCAAGAGCTAATGA-1_A549-A549,0,-3.135514,13.146264
CAGGCCATCCTAGCGG-1_A549-A549,0,-2.903029,12.599754
TTTGTTGAGGAGAATG-1_CCL-185-IG-CCL-185-IG,6,-5.5572953,15.609131
GCCAACGGTATCACGT-1_DV90-DV90,1,4.812286,-1.2143677
TGAGCATTCAGCAATC-1_HCC78-HCC78,4,13.810632,6.1240983
TTACTGTCATAAGATG-1_HTB178_HTB178-HTB178,2,0.6386985,7.7990212
TAGGAGGCAGCACGAA-1_HTB178_HTB178-HTB178,2,-0.42124552,9.12926
CCACCATGTGGCTACC-1_HCC78-HCC78,4,13.689629,4.9964557
CGGGACTAGATCCGAG-1_CCL-185-IG-CCL-185-IG,6,-5.793047,14.721966
TAATTCCAGACGATAT-1_A549-A549,0,-3.0509539,13.657856
TAGTGCAAGTGAGCCA-1_A549-A549,0,-3.398532,11.352724
AGGATCTGTTGGTAGG-1_HTB178_HTB178-HTB178,2,1.5420781,6.011625
TACCCGTAGGTATCTC-1_PC9-PC9,3,-6.689935,9.388084
TCAATTCTCGCGTTTC-1_PC9-PC9,3,-6.316655,9.407482
GTTGTAGAGGTGATAT-1_CRL5868-CRL5868,4,14.610056,4.693158
GACTATGGTGAGATTA-1_DV90-DV90,1,4.620689,1.7711716
TTCTTCCCAGAGACTG-1_A549-A549,0,-2.1714349,13.307463
CTTCGGTCAGGTCTCG-1_PBMC-PBMCs,7,-3.1027381,8.471433
AGGGTCCCATAGCTGT-1_PC9-PC9,3,-5.9797873,9.352713
TCACGGGCATCCGAGC-1_CRL5868-CRL5868,5,-8.5789795,12.9275255
TGGGCTGGTTGCGGAA-1_DV90-DV90,1,4.613305,-1.5023459
CCACGAGGTTTCGACA-1_PBMC-PBMCs,7,-4.439145,7.548174
AGGCATTGTTACACAC-1_PBMC-PBMCs,7,-4.0791078,7.3971944
ACAACCATCACTTATC-1_PC9-PC9,3,-6.112178,8.918924
CTGTGAAGTCTTTCTA-1_PC9-PC9,3,-6.836856,8.5903
GAGTTGTGTGGTCTTA-1_A549-A549,0,-3.5637722,11.69737
CTCGAGGAGCTCGAAG-1_PC9-PC9,3,-6.4717584,8.90976
GAGTCATCAGTTTCGA-1_CCL-185-IG-CCL-185-IG,0,-2.9383447,14.04618
CCTCTAGAGTGGGAAA-1_HCC78-HCC78,4,15.183742,7.692159
TTGTTTGTCAACCTCC-1_A549-A549,0,-2.7135162,12.01255
ATCCCTGCAGCAGATG-1_CCL-185-IG-CCL-185-IG,6,-5.379954,13.545023
TAGGTTGTCTTACGGA-1_A549-A549,6,-5.80776,14.450113
AATCACGGTAATCAAG-1_CRL5868-CRL5868,5,-8.453911,12.7688875
CTGCGAGTCCCTTGTG-1_DV90-DV90,0,-4.975147,11.018201
GCCATGGGTAACTAAG-1_PC9-PC9,3,-6.584339,8.963179
ACTACGATCTCACGAA-1_CRL5868-CRL5868,5,-11.160695,15.341243
GCTACCTAGCCTGTGC-1_DV90-DV90,1,4.7701154,-0.04055876
CAAAGAACACTAAACC-1_HCC78-HCC78,4,15.337191,8.09909
AGTGTTGGTACAAACA-1_HTB178_HTB178-HTB178,2,1.690546,5.783097
TCGTGGGCAGAACATA-1_A549-A549,0,-3.1180286,12.041904
ACGCACGGTCACGTGC-1_A549-A549,0,-2.541444,14.71107
ATCGTGAGTACTCGCG-1_PC9-PC9,3,-8.110559,7.5288515
ACGGGTCAGGGCAGTT-1_CCL-185-IG-CCL-185-IG,6,-4.62061,16.39881
ATCCGTCGTCTCAGAT-1_HTB178_HTB178-HTB178,2,1.0059046,8.649231
GTCGTAATCCATTGGA-1_PC9-PC9,3,-7.759086,9.079249
ACTATGGAGACCAGAC-1_CRL5868-CRL5868,5,-11.41912,15.112792
CGAGAAGAGAGTGACC-1_CRL5868-CRL5868,5,-10.21067,14.842388
AGGAAATTCATCAGTG-1_DV90-DV90,1,2.7955844,0.6311496
TGACAGTGTATTTCTC-1_DV90-DV90,1,3.5345075,-1.1588569
ATAGACCGTATCAGCT-1_CCL-185-IG-CCL-185-IG,6,-4.445961,15.591681
AGTCTCCAGCTCTTCC-1_PC9-PC9,3,-8.710781,8.0157795
ACTATTCAGGATTTGA-1_CRL5868-CRL5868,5,-8.614273,13.632779
GATGATCGTCAACCTA-1_CRL5868-CRL5868,5,-12.104122,15.24443
TGTCCTGCATAGGCGA-1_HTB178_HTB178-HTB178,2,0.9971131,6.2771606
CAATCGATCTTAGTTC-1_A549-A549,0,-3.3784459,11.81126
GGTAACTGTTGCACGC-1_CRL5868-CRL5868,5,-12.173889,15.418068
GGCGTCAAGATACTGA-1_PBMC-PBMCs,7,-3.1153278,8.0355
GTAGTACAGGTGGCTA-1_PBMC-PBMCs,7,-4.2903504,7.2955556
TTGCCTGCAAAGGCAC-1_CRL5868-CRL5868,5,-10.274214,14.599007
TCCCACATCCCAAGCG-1_A549-A549,0,-2.8771124,13.947899
TCTCTGGTCCTACCGT-1_PBMC-PBMCs,2,0.14802511,6.9163904
AACAAAGGTTATCTGG-1_DV90-DV90,1,4.586658,-0.11664861
ACTGCAAGTAGCGCTC-1_HTB178_HTB178-HTB178,2,0.55715793,8.349591
GAAGCCCGTCATGGCC-1_PC9-PC9,3,-8.087908,8.768035
ACTGATGCATTGCCTC-1_DV90-DV90,1,4.1648493,1.5799828
GAAGTAACAATCTGCA-1_PBMC-PBMCs,5,-12.3515215,15.459256
ACGATCACAAGAGGCT-1_HCC78-HCC78,4,14.160678,5.887316
ACTATTCCATGAATAG-1_CRL5868-CRL5868,5,-11.462971,15.410077
CATTGAGGTCCACGCA-1_HTB178_HTB178-HTB178,2,0.57492447,7.003851
TCTTGCGCACTGTTCC-1_HCC78-HCC78,4,15.137715,8.517969
AGGTTACAGCGTGAGT-1_CRL5868-CRL5868,5,-12.071769,14.760879
ACCAAACTCGCAACAT-1_A549-A549,0,-3.204348,14.245713
GTGGAAGCATCGGAGA-1_HCC78-HCC78,4,14.573818,7.141519
AAAGTGAAGATTCGCT-1_CCL-185-IG-CCL-185-IG,6,-5.8096304,14.170225
CAAGCTAAGAGGGTGG-1_DV90-DV90,1,5.0099897,1.4307721
GCCCAGACAGGCACTC-1_PBMC-PBMCs,7,-3.2680016,7.4252877
CCTCATGGTCCAAAGG-1_HTB178_HTB178-HTB178,2,0.9100347,6.555377
CTCCATGGTCCACTTC-1_PBMC-PBMCs,7,-4.1948876,7.959179
AACCATGTCCATTGCC-1_A549-A549,0,-2.822753,14.849753
CCATCACTCCGCTAGG-1_PC9-PC9,3,-9.344913,7.9588094
GTAAGTCGTTCTAACG-1_PC9-PC9,3,-7.4175677,7.9104996
ATAGACCGTTAATGAG-1_HTB178_HTB178-HTB178,2,-0.46773133,8.845578
TGGCGTGTCCAGGACC-1_HTB178_HTB178-HTB178,2,0.9632525,8.203903
TGTGTGAAGCACTAGG-1_PC9-PC9,3,-7.839522,8.424448
CGTCAAATCGTGGAAG-1_PC9-PC9,3,-7.350322,8.325041
AGTCACAGTTAAGACA-1_HTB178_HTB178-HTB178,2,0.41684,8.521537
GTTACGACACCAACAT-1_PBMC-PBMCs,7,-2.995193,7.330672
GGGCGTTCAGTAGTGG-1_CRL5868-CRL5868,5,-11.517924,16.239565
ATACTTCCATTCTGTT-1_PBMC-PBMCs,7,-4.3509164,7.93868
CAGATTGAGACGGTTG-1_DV90-DV90,1,3.0005836,1.6039308
CGGAATTTCACCACAA-1_DV90-DV90,1,3.1181028,0.8457632
TGTCAGAAGTCGAAAT-1_DV90-DV90,1,4.9878516,1.7906063
TCACGGGGTCATCAGT-1_A549-A549,0,-4.477753,11.569499
GAAGCCCAGTTGCTGT-1_CCL-185-IG-CCL-185-IG,0,-5.0237126,12.245642
CTCTGGTTCGCCAGAC-1_DV90-DV90,1,3.8131797,1.5056978
TATTCCAAGAGTCTGG-1_DV90-DV90,1,3.6240904,1.5083785
CTGTAGAAGGCTGTAG-1_HCC78-HCC78,4,15.064539,7.389863
ACACGCGAGTAATCCC-1_DV90-DV90,1,3.9736578,-1.3601844
ACTATCTTCTGAATGC-1_PC9-PC9,3,-6.5076795,8.696496
CCGGGTACACACCTGG-1_CCL-185-IG-CCL-185-IG,6,-4.7343426,16.183931
TACTTACGTCTGCCTT-1_DV90-DV90,1,3.7833517,1.6304107
AGAGCCCGTTGTATGC-1_CRL5868-CRL5868,5,-11.012484,15.669984
GGTTGTAGTATCGCTA-1_PBMC-PBMCs,0,-4.867492,10.131618
GATCATGGTCTACACA-1_A549-A549,0,-3.0629587,14.878502
CCAAGCGGTACGTAGG-1_PC9-PC9,3,-7.3176875,8.936653
CACACAAGTTGCATTG-1_PBMC-PBMCs,7,-4.0248194,7.6749268
TGACGCGTCGCGTGCA-1_HTB178_HTB178-HTB178,2,-0.33369654,9.639669
TACACCCAGAGCAGCT-1_PBMC-PBMCs,7,-2.952143,7.3935213
CAGCACGAGATCGCCC-1_HTB178_HTB178-HTB178,2,1.1836076,7.053992
TTCCTAAGTGATGGCA-1_CCL-185-IG-CCL-185-IG,6,-5.464108,15.482361
AGGGCCTGTATCTTCT-1_PC9-PC9,3,-7.7768884,8.198084
TCTGGCTTCTGCTTAT-1_PBMC-PBMCs,7,-3.8255394,8.667059
GGCTGTGCAAGACAAT-1_A549-A549,0,-4.3342514,12.420284
TCATGTTAGTCTTGGT-1_HTB178_HTB178-HTB178,2,1.4023124,5.8232656
CCTAACCTCCGCAGTG-1_PBMC-PBMCs,0,-3.9424329,10.033908
CCGTGAGTCAACTACG-1_HCC78-HCC78,4,14.384029,4.358546
ACGTCCTTCAGGAAGC-1_PBMC-PBMCs,7,-2.9771338,8.423355
GACCTTCGTATATGGA-1_HCC78-HCC78,4,14.433505,5.4117217
CGTAGTATCGGTAAGG-1_HCC78-HCC78,4,14.142509,4.035356
GAAGAATGTCCCGGTA-1_CRL5868-CRL5868,5,-11.573233,15.659404
TGCGGGTAGACTTAAG-1_HTB178_HTB178-HTB178,2,0.45736435,9.15155
TAGGTTGCACTGTGTA-1_HTB178_HTB178-HTB178,2,0.16484828,8.467755
TGGATGTAGTCGAGGT-1_A549-A549,0,-3.8120618,13.59755
GATCACAGTTCATCGA-1_PBMC-PBMCs,7,-3.066926,7.837824
TCATGAGTCCGACGGT-1_CCL-185-IG-CCL-185-IG,0,-5.474148,12.923375
TCCTAATGTGCAATAA-1_PC9-PC9,3,-7.6964736,8.461624
GTAGAAATCGAAACAA-1_HTB178_HTB178-HTB178,2,-0.4292884,9.574765
TGCTTCGAGTCGCCAC-1_CRL5868-CRL5868,5,-8.9297085,13.574107
GATTTCTTCTCGGTCT-1_CCL-185-IG-CCL-185-IG,6,-4.1330857,16.15734
GTGTGATTCCTATGGA-1_A549-A549,0,-4.818157,11.1512375
ATACCTTAGACATCAA-1_HTB178_HTB178-HTB178,2,-0.20003769,8.783776
CATTCTAAGTTAACAG-1_CCL-185-IG-CCL-185-IG,6,-4.8996677,16.499435
CTAGACAGTGCTAGCC-1_A549-A549,0,-2.919766,14.573452
GTTAGACCATGGAATA-1_A549-A549,2,0.5296144,10.011473
TGCATGAAGGGCATGT-1_PBMC-PBMCs,2,0.7062063,8.113413
CTTCTAACATAAGCAA-1_DV90-DV90,1,4.6495037,1.0350897
GATAGCTTCTTAGCCC-1_HCC78-HCC78,4,15.288174,8.930718
GATCCCTAGGATGAGA-1_PC9-PC9,3,-6.418558,9.913697
CGAAGGAAGCCACTCG-1_CCL-185-IG-CCL-185-IG,6,-5.1273956,14.752711
TCGAACAAGCTACTGT-1_A549-A549,0,-2.3106983,13.0192585
GGTGGCTAGCGTCTGC-1_CCL-185-IG-CCL-185-IG,6,-5.596891,13.65394
GGGATGATCCAAATGC-1_CCL-185-IG-CCL-185-IG,6,-5.475045,14.60694
CAACGGCGTATGGAGC-1_A549-A549,0,-4.2983203,10.46674
GCAACATTCACTCACC-1_HCC78-HCC78,4,13.753955,6.253144
TTAGGCAGTCGTGCCA-1_CCL-185-IG-CCL-185-IG,6,-4.7343745,14.214588
CTCCGATTCCATCTAT-1_CRL5868-CRL5868,5,-8.375191,13.508143
ATTGTTCCAGTAACGG-1_PC9-PC9,3,-5.672298,9.17316
CAGCGTGTCAATCTCT-1_PC9-PC9,3,-8.391776,7.6474857
CGCCAGATCAGCTTCC-1_CCL-185-IG-CCL-185-IG,6,-4.808819,15.007718
GTCGCGATCCTCAGAA-1_PBMC-PBMCs,7,-4.2720337,7.9189343
ACCAACAGTCACCACG-1_DV90-DV90,1,4.092546,-1.4978667
CTCAAGACAGCCGGTT-1_CCL-185-IG-CCL-185-IG,6,-4.957923,16.597876
TCACAAGAGGAACTCG-1_HCC78-HCC78,4,15.039019,7.3569074
AAGGTAAGTCTCCTGT-1_A549-A549,0,-3.3997755,11.701857
CAAGAGGAGAAGTCCG-1_PC9-PC9,3,-6.792856,9.335974
CTGTGGGGTACGTAGG-1_PC9-PC9,3,-7.5676274,8.922284
TACACCCTCGCTGTCT-1_A549-A549,0,-3.5132868,14.576522
GTTACGAAGCTGAGTG-1_HTB178_HTB178-HTB178,2,-0.45448366,9.367384
TTTCACAAGTGGAATT-1_CRL5868-CRL5868,0,-6.6970887,11.567738
CTTCGGTCACAAATGA-1_CCL-185-IG-CCL-185-IG,6,-5.05286,15.349365
TGTGCGGTCCTAGCGG-1_CRL5868-CRL5868,5,-9.693278,14.30702
CCTCACACAAAGACGC-1_CRL5868-CRL5868,5,-9.007406,13.271745
AGTAGTCCAAGGTCTT-1_CRL5868-CRL5868,5,-10.14012,14.504545
GGAATGGCATTGACAC-1_HCC78-HCC78,4,13.942479,5.547907
TACGTCCAGATAGTGT-1_DV90-DV90,1,5.2465224,-0.10798562
CCAAGCGGTCACAGAG-1_CCL-185-IG-CCL-185-IG,0,-5.297182,12.380715
GTTAGACAGGTTGAGC-1_DV90-DV90,1,4.299856,1.2354985
AATAGAGTCCTAGCGG-1_HCC78-HCC78,4,13.612147,6.163911
ATGGATCAGGCGACAT-1_HTB178_HTB178-HTB178,2,1.0295335,5.9587216
CTACGGGAGTCCGCGT-1_PC9-PC9,3,-7.6339192,8.930794
CATGGTAAGCCGTCGT-1_HCC78-HCC78,4,14.824468,7.649953
CGTCAAAAGAACAGGA-1_A549-A549,0,-4.5697813,12.204483
TTCCGGTGTAGGTACG-1_HCC78-HCC78,4,15.325317,8.470949
ACCTGAACAGCGGTTC-1_CCL-185-IG-CCL-185-IG,6,-5.003816,13.800809
CGGTCAGCATAGGAGC-1_DV90-DV90,1,3.6659994,-0.5415136
GATTGGTTCCGCAAAT-1_A549-A549,0,-3.9395385,12.204246
GCTGAATGTCAGGCAA-1_CRL5868-CRL5868,5,-12.175718,14.896713
TCCGTGTCACGAAAGC-1_HCC78-HCC78,4,15.379579,7.9177294
CATGCCTCAGAGGCAT-1_PBMC-PBMCs,7,-3.8114953,7.925135
CAGGTATGTGGCTAGA-1_CRL5868-CRL5868,5,-8.607408,13.001924
ACTGTCCTCACCTCAC-1_CRL5868-CRL5868,5,-10.573983,14.946589
TTACTGTAGTTTAGGA-1_HTB178_HTB178-HTB178,2,-0.26242766,8.566638
CATTGCCGTTGCAACT-1_DV90-DV90,1,2.884381,0.4255239
ATCGTCCAGATGTTAG-1_A549-A549,0,-3.5161507,11.7007475
GTTTACTGTGCAACAG-1_PC9-PC9,3,-8.871381,8.346274
CTGCCTAGTTCAAAGA-1_DV90-DV90,1,2.904621,0.074396394
CTTTCGGTCACTGATG-1_DV90-DV90,1,5.417269,0.5275221
CTTGATTAGCTACTAC-1_A549-A549,0,-4.874912,12.592343
CATTGAGCAGTCTACA-1_DV90-DV90,1,4.033384,-0.46584174
CATGCAAGTATGAGCG-1_PC9-PC9,3,-7.416995,8.463986
CCCATTGAGAGAGCCT-1_PBMC-PBMCs,7,-3.42289,8.209582
AACAAAGGTTCCCACT-1_HTB178_HTB178-HTB178,2,-0.74895906,9.102871
CCGTGAGCAGCATGCC-1_DV90-DV90,1,5.018252,0.03675119
TCCCACAGTCTGTGGC-1_CRL5868-CRL5868,5,-7.1719375,11.921252
AGATAGATCGGAACTT-1_A549-A549,0,-2.6943765,12.254067
TGCAGTAGTATGTGTC-1_HTB178_HTB178-HTB178,2,0.44472763,6.532752
CTACCTGTCGACGCTG-1_PC9-PC9,3,-9.341659,8.229239
TCGGGCAAGCCGGAAT-1_A549-A549,0,-3.6703627,13.4763975
GGCTTGGGTCAACGCC-1_A549-A549,0,-4.1005964,11.067353
GTGAGTTCATCCGTTC-1_HCC78-HCC78,4,14.321668,4.5626698
TGGCGTGCAAAGCAAT-1_CRL5868-CRL5868,5,-11.892506,15.766504
GATTCGAAGATGCTGG-1_HCC78-HCC78,4,14.284761,3.713541
TCCATGCTCCTCAGAA-1_CCL-185-IG-CCL-185-IG,0,-3.0593817,15.254691
GCCAGGTCACGGGTAA-1_HTB178_HTB178-HTB178,2,-1.0347824,8.947762
AAATGGACAGTAGTTC-1_HTB178_HTB178-HTB178,2,1.4812185,5.9493575
ATCGCCTGTCACCCTT-1_CRL5868-CRL5868,5,-8.005821,12.87924
ATTCCCGTCCATCAGA-1_HCC78-HCC78,4,13.936023,5.382854
GTTGCGGCAGAGAGGG-1_HCC78-HCC78,4,14.254402,5.6740055
AGGTTGTTCCTTCAGC-1_DV90-DV90,1,2.8468242,0.31197426
CACAGATAGAGAGTTT-1_DV90-DV90,1,4.480164,-0.1816234
GAGACTTTCCGAGTGC-1_HCC78-HCC78,4,14.766484,7.724891
TTAGGCAAGGCGCTTC-1_HCC78-HCC78,4,15.643988,8.231611
TAGGGTTGTTGTTGAC-1_CCL-185-IG-CCL-185-IG,6,-4.4755907,13.914779
TAGGTTGCAAGGCGTA-1_PBMC-PBMCs,7,-3.233883,7.934477
GAGAGGTGTGTGGACA-1_DV90-DV90,1,5.0122848,-1.0700746
GGAACCCGTGTTAAAG-1_CCL-185-IG-CCL-185-IG,0,-3.4784894,12.935879
GACCAATGTAGGACCA-1_CRL5868-CRL5868,5,-7.7762246,12.1711
ATACTTCTCGGTCGGT-1_HTB178_HTB178-HTB178,2,0.35935983,10.159042
ACTTCGCTCATAGGCT-1_PC9-PC9,3,-9.291754,8.221058
TACTGCCGTAAGCTCT-1_A549-A549,0,-3.8303936,11.403652
GAAGGACCAACGCCCA-1_PBMC-PBMCs,7,-3.1663504,7.5612326
AATGGAAAGGAACATT-1_HCC78-HCC78,4,13.502332,5.0422387
AATAGAGTCCCTCTAG-1_CCL-185-IG-CCL-185-IG,6,-4.615711,16.679867
AGAGCAGAGTTCCAGT-1_CCL-185-IG-CCL-185-IG,6,-5.3944545,13.842911
AAAGGGCTCCGCTAGG-1_DV90-DV90,1,5.501885,0.48998186
TGTCCCAGTCTCGCGA-1_A549-A549,0,-4.184259,13.293174
ACTTAGGAGCGTGTCC-1_HCC78-HCC78,4,15.000513,7.887382
TGCTTCGTCAGTCTTT-1_A549-A549,0,-3.3542118,13.811648
CAGCAGCCACTTCCTG-1_HTB178_HTB178-HTB178,2,0.44114003,6.056873
CATTCATTCCCTCTCC-1_PC9-PC9,3,-9.18641,7.9051003
CGTAAGTTCTGTTGGA-1_PC9-PC9,3,-8.026288,8.891233
TCATGCCAGTCCTACA-1_HTB178_HTB178-HTB178,2,0.55725175,6.415963
TTCTGTATCTTGGGCG-1_HCC78-HCC78,4,15.054488,8.081551
TTCATTGAGCCTGTGC-1_HCC78-HCC78,4,13.615583,5.8193164
ACGGGTCCAGATACTC-1_A549-A549,0,-2.9204078,11.972437
CGATCGGGTGACTGTT-1_HCC78-HCC78,4,14.586738,5.818815
CGTTCTGCATCGAAGG-1_A549-A549,0,-2.0689483,13.440536
CGTTAGATCGCAATGT-1_A549-A549,0,-2.8397245,12.639269
GTAGCTACAGCACAGA-1_CCL-185-IG-CCL-185-IG,6,-4.294628,16.132895
AATCACGGTACCCGAC-1_PC9-PC9,3,-8.677229,8.593389
AGTGACTCACTGTCCT-1_PBMC-PBMCs,3,-5.0333242,9.604102
AGATCGTAGCGACTAG-1_HCC78-HCC78,4,14.360428,5.935264
TATACCTTCAAATGCC-1_CCL-185-IG-CCL-185-IG,6,-4.6861105,16.572409
CATCGCTCAAAGACGC-1_HTB178_HTB178-HTB178,2,0.5691905,8.8424425
CTGAGCGGTAACGTTC-1_HTB178_HTB178-HTB178,2,0.45055687,10.192492
TAGGTTGAGGGAGTTC-1_CCL-185-IG-CCL-185-IG,5,-11.930008,14.508581
GTGAGCCGTTGCTCAA-1_PBMC-PBMCs,7,-3.626084,7.268768
GCTACAACAGCTGCCA-1_PC9-PC9,3,-8.02799,7.731296
GCCGTGAAGGTACAGC-1_CRL5868-CRL5868,5,-9.163381,13.473422
GCGTGCATCCGATAAC-1_PC9-PC9,3,-7.177231,8.764123
GACCGTGGTTCCGCAG-1_HTB178_HTB178-HTB178,2,1.2664386,6.096039
AGACAGGAGACGCCCT-1_A549-A549,0,-2.3149173,13.639441
AACCTTTGTAAGAACT-1_A549-A549,0,-2.993425,14.664301
CCTTCAGAGATCGCCC-1_DV90-DV90,1,5.3751607,-0.061477147
GCATGATTCAAGCGTT-1_CRL5868-CRL5868,5,-10.010537,14.493705
TCTTCCTCAAGGCCTC-1_HTB178_HTB178-HTB178,2,1.6994491,6.2771034
GATCATGAGCGATGCA-1_HCC78-HCC78,4,14.761685,6.450561
CGAGTGCGTCCGGATC-1_DV90-DV90,1,2.5974607,0.2693206
TCCACGTCACTATCCC-1_HCC78-HCC78,4,14.731988,8.525774
ATACCTTTCACAGAGG-1_HCC78-HCC78,4,13.844035,5.6204667
CTAAGTGCAGATTAAG-1_PBMC-PBMCs,3,-4.8382688,9.2316885
AGGGCCTGTCATCGCG-1_PC9-PC9,3,-6.2247467,9.556798
ATGAGTCAGCCTCGTG-1_DV90-DV90,1,2.8310304,-0.4322572
GGTAGAGTCAAGTAAG-1_HCC78-HCC78,4,14.643607,5.6876717
ACCGTTCCAATCTCGA-1_A549-A549,0,-2.576094,14.154079
GACTCTCCACATTCGA-1_CRL5868-CRL5868,5,-11.642177,16.062735
AGTCATGCAAATAGCA-1_A549-A549,0,-4.4563537,10.746512
ATAGGCTAGGGCTTCC-1_CRL5868-CRL5868,5,-8.775476,13.58471
GCAACCGCAGCAGATG-1_HTB178_HTB178-HTB178,2,1.2232082,8.378927
TCTTGCGAGGTAAACT-1_PBMC-PBMCs,7,-4.095634,8.076765
TAGACCAAGTGCAACG-1_PC9-PC9,3,-6.1613026,8.852949
CATGCTCCAATCGCGC-1_PBMC-PBMCs,7,-3.8528028,7.684107
CGCCAGAGTTTACGTG-1_DV90-DV90,1,3.9183178,1.2409438
GTTGCGGTCAGAATAG-1_PBMC-PBMCs,7,-4.3294954,8.164465
AACCACATCCAGGACC-1_CRL5868-CRL5868,5,-7.604525,12.350347
CGGACACCATAACTCG-1_CRL5868-CRL5868,5,-8.657068,13.369709
TTCCTAAAGTGCGTCC-1_A549-A549,6,-4.999529,14.69802
CATTCATAGAGTGTTA-1_HTB178_HTB178-HTB178,2,0.52579606,8.3438015
GACTCTCAGTGAGCCA-1_DV90-DV90,1,4.7753263,-1.4894485
GACTCAATCCGTAGGC-1_HTB178_HTB178-HTB178,2,0.7993695,6.042956
TCATTCAAGAAGTCAT-1_CRL5868-CRL5868,5,-11.936179,15.929286
TCTCCGACAAACTGCT-1_CCL-185-IG-CCL-185-IG,6,-4.4162655,16.362965
GAGATGGTCACATACG-1_PBMC-PBMCs,4,15.289608,8.542726
TTCTGTACATAACGGG-1_DV90-DV90,1,2.9153419,1.9151068
GACTCTCCAGCTACAT-1_CCL-185-IG-CCL-185-IG,6,-5.03046,13.685428
TAGGAGGAGTTAGTAG-1_A549-A549,0,-3.6280608,12.844415
GGGACCTGTGCCTAAT-1_HCC78-HCC78,4,14.413089,5.2892394
TTACTGTCACTGTCGG-1_PBMC-PBMCs,7,-3.262666,7.2631783
GTTTGGAAGCAGATAT-1_CRL5868-CRL5868,5,-12.174638,15.033677
GTGCGTGAGGTAGTAT-1_A549-A549,0,-3.7310843,12.627509
AGTCATGAGGATATAC-1_HTB178_HTB178-HTB178,2,-0.7492181,8.596007
TGCTGAAAGTAGACAT-1_CCL-185-IG-CCL-185-IG,0,-3.3353074,11.348534
GTAGAAATCCGGACGT-1_CRL5868-CRL5868,5,-8.275987,12.447071
CGCCATTGTCAACCAT-1_CRL5868-CRL5868,5,-7.6974125,12.199641
TCTTTGAAGTACCATC-1_A549-A549,0,-4.76423,10.701881
GATTCGAGTGTCCGTG-1_PC9-PC9,3,-8.236866,8.43567
AGTACTGTCGCCACTT-1_CCL-185-IG-CCL-185-IG,6,-5.348612,15.59869
ATGCGATAGTGTAGAT-1_CCL-185-IG-CCL-185-IG,0,-4.5981297,10.733414
GTAATGCCACAAGTTC-1_PBMC-PBMCs,7,-3.8360257,8.64587
TGCGGGTGTTTGTTCT-1_CRL5868-CRL5868,5,-8.011463,12.423201
CGGAGAACACAGAGAC-1_CRL5868-CRL5868,5,-7.898404,12.004939
AAATGGATCAAGATAG-1_A549-A549,0,-2.3708742,13.592951
TCGATTTGTCGTGGAA-1_PC9-PC9,3,-7.225761,8.697845
AACCACACACGTCGGT-1_PBMC-PBMCs,0,-3.9764488,9.882183
TCTGTCGTCGGTCTAA-1_PC9-PC9,3,-6.4692783,9.618344
GTGGCGTGTAATGTGA-1_HCC78-HCC78,4,13.920883,4.356172
TACAACGGTTATCTTC-1_CRL5868-CRL5868,5,-8.502326,13.205458
CATACTTCAGCGCGTT-1_PBMC-PBMCs,7,-3.0682268,8.1576185
AGGAGGTTCCGTCAAA-1_CCL-185-IG-CCL-185-IG,0,-4.7170467,11.601914
CATACAGTCTCAGGCG-1_CRL5868-CRL5868,5,-7.3873205,11.8849
CTTGATTTCGGCTTCT-1_PC9-PC9,3,-8.40677,8.458289
ATGTCTTGTGAATGAT-1_HCC78-HCC78,4,14.663267,5.261837
CGCATAATCCAAGCAT-1_HCC78-HCC78,4,14.373024,7.100354
GTTATGGGTAAGACCG-1_CRL5868-CRL5868,5,-7.851443,12.266824
AGGTTACCAAGTGACG-1_DV90-DV90,1,3.7321198,-0.13609754
GGAATCTTCGAAATCC-1_HTB178_HTB178-HTB178,2,0.44696873,8.716062
CTGTATTAGTAGGCCA-1_CCL-185-IG-CCL-185-IG,0,-3.6236606,13.250014
GACGTTATCGTGCACG-1_PBMC-PBMCs,7,-3.627218,8.448873
CATTTCACACCGTCTT-1_PC9-PC9,3,-9.199316,8.051214
CAACGATCATCTTCGC-1_PC9-PC9,3,-7.666444,7.44924
TGCCGAGTCCTACTGC-1_HTB178_HTB178-HTB178,2,0.38120547,6.3460665
GTCATCCTCCAATCTT-1_DV90-DV90,1,3.374285,-0.76341474
GGTGATTTCGTAGTGT-1_CRL5868-CRL5868,5,-11.885941,14.978331
TAGGAGGAGGTCGTGA-1_HTB178_HTB178-HTB178,2,0.1803725,9.111429
AATGCCACAGAGATTA-1_DV90-DV90,1,4.4082513,-0.39454475
ACATCGATCATCGGGC-1_DV90-DV90,1,4.671507,1.6832716
GGAGGATGTTTCTTAC-1_HCC78-HCC78,4,14.1042795,4.958156
CTCAAGACATAACTCG-1_A549-A549,0,-3.1163998,11.419898
CTCGAGGCAATGCAAA-1_DV90-DV90,1,3.37596,-0.99498564
GTGATGTGTGAACCGA-1_DV90-DV90,1,4.8584275,1.5275472
ATGGGTTGTTCACCGG-1_HTB178_HTB178-HTB178,2,0.6702085,10.014097
GGAGGATGTACTCGCG-1_CRL5868-CRL5868,5,-8.1458845,12.95043
TTCCGGTTCATGAGAA-1_CCL-185-IG-CCL-185-IG,0,-5.0564137,11.921681
TTATTGCTCAACGTGT-1_PC9-PC9,3,-7.086413,8.813052
TAAGCGTGTCTACAAC-1_PBMC-PBMCs,7,-3.6414897,8.129708
ACCGTTCAGGGAGGCA-1_CCL-185-IG-CCL-185-IG,0,-4.137315,9.974575
GGACGTCTCACTGATG-1_A549-A549,0,-3.3396254,13.521973
TTTGGTTCAAGCTACT-1_HTB178_HTB178-HTB178,2,-0.5775224,8.6991205
CTGAGGCAGTTGTACC-1_HCC78-HCC78,4,13.858666,5.7585864
AAAGGTAAGCAATAGT-1_CCL-185-IG-CCL-185-IG,6,-5.2568088,15.892334
TCATCCGGTTTCACTT-1_HCC78-HCC78,4,13.955142,4.4973645
AGTACTGAGAGGATCC-1_PC9-PC9,3,-8.837336,8.272861
TGACGCGTCTAGCCAA-1_HTB178_HTB178-HTB178,2,-1.4969865,8.560434
CCACGAGAGGTAAGTT-1_PC9-PC9,3,-9.037597,8.19987
TATCCTACATGTGCTA-1_CCL-185-IG-CCL-185-IG,0,-5.429109,12.320817
AACAAGAAGGATACGC-1_DV90-DV90,1,2.8721528,-0.25046855
CCATAAGGTCACTGAT-1_HCC78-HCC78,4,14.137889,4.797171
AGAGAATAGGTTGTTC-1_HTB178_HTB178-HTB178,2,0.682218,6.390741
GGGATCCTCAGGAAAT-1_PC9-PC9,3,-7.250598,9.213021
GAAGGGTGTCCGGCAT-1_CCL-185-IG-CCL-185-IG,6,-5.0785694,15.213131
ATCGTCCTCGCCAATA-1_CCL-185-IG-CCL-185-IG,6,-5.534233,14.935584
CCTCCTCGTTTACTTC-1_PBMC-PBMCs,7,-3.4309504,7.3754616
TTGGGATGTTTACCTT-1_PBMC-PBMCs,7,-3.6931744,7.558233
TGAACGTAGGAGTCTG-1_CCL-185-IG-CCL-185-IG,6,-4.7759213,14.825672
CTTGATTTCCCGTGTT-1_HTB178_HTB178-HTB178,2,-0.23974822,9.259489
CTTCTCTCAGCTACAT-1_A549-A549,0,-3.1663332,15.131422
TGATCAGCAGAATTCC-1_HCC78-HCC78,4,14.031681,6.5909543
TCCGATCAGGATTTGA-1_PC9-PC9,3,-6.8407426,9.1990795
TGAGCATAGCGGGTAT-1_HCC78-HCC78,4,15.588215,8.287531
AGTAGTCAGGCATTTC-1_DV90-DV90,1,3.2854323,-1.1771927
CTGGCAGCACTGCACG-1_DV90-DV90,1,3.884025,-0.80352956
CCCGGAAAGAGCTGAC-1_PC9-PC9,3,-8.235859,7.790315
CTGAGCGCACAGCGCT-1_CCL-185-IG-CCL-185-IG,6,-4.499997,16.3651
GTGAGGAAGCGCAATG-1_DV90-DV90,1,4.60984,-1.0419149
CTGAATGTCCTACTGC-1_CCL-185-IG-CCL-185-IG,6,-5.638896,13.273928
TTTCAGTTCATAGACC-1_DV90-DV90,1,2.5696452,-0.11959321
GGGACCTGTGACACAG-1_CRL5868-CRL5868,5,-12.002342,15.810778
AGTAGCTCAGTGTGGA-1_DV90-DV90,1,3.0468473,1.5138152
AGATCCACAACCGGAA-1_A549-A549,0,-2.4132419,12.547323
GTTACGAAGGTCCCTG-1_CCL-185-IG-CCL-185-IG,6,-5.2965007,14.275787
GCTACCTAGGTTCTAC-1_PBMC-PBMCs,3,-5.2780013,8.991663
ACCACAACAGCCCAGT-1_DV90-DV90,1,5.4735155,0.21049199
TGCCGAGGTCGATTCA-1_DV90-DV90,1,3.118664,1.6203424
CGTCCATTCCAATCCC-1_PC9-PC9,3,-8.124004,7.6394405
ACTATTCTCTCGACCT-1_A549-A549,0,-3.4690318,12.876456
ACAACCACATCATTTC-1_HCC78-HCC78,4,15.041776,8.138973
ACAGGGAAGGTTCACT-1_HCC78-HCC78,4,14.140773,3.8710911
AACCCAAGTGCAATGG-1_DV90-DV90,1,2.9295819,1.0838263
CTTCAATTCGGACGTC-1_DV90-DV90,1,2.650457,0.52133936
ATGTCCCAGGTGCCTC-1_A549-A549,0,-3.0489464,13.097442
TTGTGGACAAACTAGA-1_HTB178_HTB178-HTB178,2,0.8273603,5.7398043
GTATTGGTCTAGCAAC-1_CCL-185-IG-CCL-185-IG,6,-4.1167912,16.085705
CCTTGTGTCAAAGGTA-1_A549-A549,0,-3.1588013,12.838454
TACTGCCCAAAGCACG-1_CCL-185-IG-CCL-185-IG,6,-5.0935545,16.136297
GAACACTGTGACAGGT-1_CRL5868-CRL5868,5,-11.65796,16.174498
TTGTGGACACCAGTAT-1_CRL5868-CRL5868,5,-10.443833,14.857855
GTGCTTCAGATCGGTG-1_PBMC-PBMCs,7,-3.9708145,8.325293
AGTTCGAGTGGCGTAA-1_HCC78-HCC78,4,14.494051,7.197195
GCATCGGGTCGTGTTA-1_HTB178_HTB178-HTB178,2,0.60892564,10.274475
GTCACGGGTGTGCCTG-1_CRL5868-CRL5868,5,-11.61411,16.239695
AGTACCACACGTAGAG-1_PBMC-PBMCs,7,-4.395216,7.7531943
GAGACTTCACCACTGG-1_CCL-185-IG-CCL-185-IG,0,-3.6499012,14.710629
ATTCACTGTGAAAGTT-1_CCL-185-IG-CCL-185-IG,6,-4.4103785,16.69728
GCGGAAAGTCTTCTAT-1_HCC78-HCC78,4,15.596043,8.253693
TATATCCGTCCGTACG-1_HTB178_HTB178-HTB178,2,-1.0785843,8.505154
CGCGTGAAGGAAACGA-1_DV90-DV90,1,4.3462014,1.6556063
CCCTAACCACTGCACG-1_HCC78-HCC78,4,15.429873,7.8305254
TGAGGGAGTTCTCGTC-1_CRL5868-CRL5868,5,-11.192742,14.8531885
AGAAGCGCACCAGGTC-1_CCL-185-IG-CCL-185-IG,6,-4.9265494,13.418379
TTTCGATTCTTAATCC-1_HCC78-HCC78,4,15.365022,8.101218
TAAGCCATCTGGGCAC-1_CCL-185-IG-CCL-185-IG,6,-5.162449,14.0852585
GAAGCGATCGACCTAA-1_DV90-DV90,1,5.084425,1.586778
TCTCACGTCTACGCGG-1_HCC78-HCC78,4,15.085243,8.799027
GCCATGGGTTACAGCT-1_A549-A549,0,-2.6261857,13.425249
GGAGGTAGTCACTACA-1_HTB178_HTB178-HTB178,2,0.99377316,6.7763367
ATCGATGTCTTAAGGC-1_CRL5868-CRL5868,5,-12.078534,15.435177
TATGTTCGTACCGGAA-1_CRL5868-CRL5868,5,-10.0616,14.8653965
AGACTCAAGCCACAAG-1_A549-A549,6,-4.749786,15.353462
CAACCAAAGACCATGG-1_CCL-185-IG-CCL-185-IG,0,-4.2834325,11.848134
AGTGTTGGTTAAACAG-1_DV90-DV90,1,3.4685743,-1.0273497
GATTCTTTCCAAAGGG-1_CRL5868-CRL5868,5,-8.364899,13.295585
CTAACCCCAGGTACGA-1_HTB178_HTB178-HTB178,2,1.0781244,5.9038744
TACGGGCTCCTTCGAC-1_HCC78-HCC78,4,14.846225,6.0001993
TTTGACTGTAGAAACT-1_HTB178_HTB178-HTB178,2,0.75681335,6.5312266
TACCCGTCAAGATTGA-1_HCC78-HCC78,4,13.840225,6.346852
GGAGAACAGTAGTCTC-1_PC9-PC9,3,-6.842096,8.692725
TGTACAGCATCCTATT-1_CCL-185-IG-CCL-185-IG,6,-5.544245,15.05881
AGATGAATCCCATAAG-1_CCL-185-IG-CCL-185-IG,0,-5.424919,11.943591
AGTTAGCCACTCACTC-1_HTB178_HTB178-HTB178,2,0.9389416,8.827578
ACTGTCCAGCATCAAA-1_PC9-PC9,3,-7.7278714,8.0953455
CCGCAAGGTCGTGATT-1_HTB178_HTB178-HTB178,2,-1.4466821,8.565336
TTCCTTCCATCCTATT-1_A549-A549,0,-2.7836785,14.483037
TATCGCCCATTACGGT-1_CCL-185-IG-CCL-185-IG,0,-3.5060592,15.242975
AAAGGTAGTGACGCCT-1_DV90-DV90,1,4.834901,0.51931393
ATTTCACGTAGCCAGA-1_PBMC-PBMCs,7,-3.9378717,8.808796
TGAACGTGTGACTATC-1_HTB178_HTB178-HTB178,2,0.12198707,9.505843
TGGTGATTCACTTCTA-1_HTB178_HTB178-HTB178,2,0.04935538,9.807596
