barcode	sample
AAATGGATCAAGATAG-1_A549-A549	A549
AACAAAGTCGGTCGGT-1_A549-A549	A549
AACCATGTCCATTGCC-1_A549-A549	A549
AACCTTTGTAAGAACT-1_A549-A549	A549
AAGCATCAGTACAGAT-1_A549-A549	A549
AAGCGTTGTTGGGACA-1_A549-A549	A549
AAGGTAAGTCTCCTGT-1_A549-A549	A549
ACCAAACTCGCAACAT-1_A549-A549	A549
ACCATTTCAACTGAAA-1_A549-A549	A549
ACCGTTCCAATCTCGA-1_A549-A549	A549
ACGCACGGTCACGTGC-1_A549-A549	A549
ACGGGTCCAGATACTC-1_A549-A549	A549
ACTATTCTCTCGACCT-1_A549-A549	A549
AGAAATGTCGGAAACG-1_A549-A549	A549
AGAACCTGTGTCATCA-1_A549-A549	A549
AGACAGGAGACGCCCT-1_A549-A549	A549
AGACCCGGTATTCCGA-1_A549-A549	A549
AGACTCAAGCCACAAG-1_A549-A549	A549
AGATAGATCGGAACTT-1_A549-A549	A549
AGATCCACAACCGGAA-1_A549-A549	A549
AGGTAGGCAGCCCACA-1_A549-A549	A549
AGTAGTCTCCTGTACC-1_A549-A549	A549
AGTCATGCAAATAGCA-1_A549-A549	A549
ATAGACCTCAGAGCGA-1_A549-A549	A549
ATCGTCCAGATGTTAG-1_A549-A549	A549
ATGTCCCAGGTGCCTC-1_A549-A549	A549
ATTTACCGTGTGACCC-1_A549-A549	A549
ATTTACCTCCCTGGTT-1_A549-A549	A549
CAACGGCGTATGGAGC-1_A549-A549	A549
CAATCGATCTTAGTTC-1_A549-A549	A549
CACACAATCCAATCTT-1_A549-A549	A549
CAGGCCATCCTAGCGG-1_A549-A549	A549
CAGTTAGCATAGCTGT-1_A549-A549	A549
CATCAAGAGCTAATGA-1_A549-A549	A549
CATGCGGAGTCTACCA-1_A549-A549	A549
CATTTCAGTCGAGATG-1_A549-A549	A549
CCGAACGGTGTCATTG-1_A549-A549	A549
CCTCCAACAGCCCAGT-1_A549-A549	A549
CCTTGTGTCAAAGGTA-1_A549-A549	A549
CGCCATTCATACAGCT-1_A549-A549	A549
CGGGTGTCAATTTCCT-1_A549-A549	A549
CGTCAAAAGAACAGGA-1_A549-A549	A549
CGTTAGATCGCAATGT-1_A549-A549	A549
CGTTCTGCATCGAAGG-1_A549-A549	A549
CTAGACAGTGCTAGCC-1_A549-A549	A549
CTATCTACATTCTCCG-1_A549-A549	A549
CTCAAGACATAACTCG-1_A549-A549	A549
CTCATTAGTACTGAGG-1_A549-A549	A549
CTCCCAAAGCCAGAGT-1_A549-A549	A549
CTTCAATCATGGTACT-1_A549-A549	A549
CTTCTCTCAGCTACAT-1_A549-A549	A549
CTTGATTAGCTACTAC-1_A549-A549	A549
GACCGTGAGTGACACG-1_A549-A549	A549
GACGCTGGTGGTGATG-1_A549-A549	A549
GAGTTGTGTGGTCTTA-1_A549-A549	A549
GATCATGGTCTACACA-1_A549-A549	A549
GATTGGTTCCGCAAAT-1_A549-A549	A549
GCCATGGGTTACAGCT-1_A549-A549	A549
GCTACAAGTTTGTTGG-1_A549-A549	A549
GGACGTCTCACTGATG-1_A549-A549	A549
GGCTGTGCAAGACAAT-1_A549-A549	A549
GGCTTGGGTCAACGCC-1_A549-A549	A549
GGGACAAAGACATCCT-1_A549-A549	A549
GGGTAGAGTACCGCGT-1_A549-A549	A549
GGGTATTCACGCAAAG-1_A549-A549	A549
GGTAATCGTTGGAGAC-1_A549-A549	A549
GTCACGGCAACATCGT-1_A549-A549	A549
GTGCACGAGTGATAGT-1_A549-A549	A549
GTGCGTGAGGTAGTAT-1_A549-A549	A549
GTGTGATTCCTATGGA-1_A549-A549	A549
GTTAGACCATGGAATA-1_A549-A549	A549
GTTCATTCACTGTTCC-1_A549-A549	A549
TAATTCCAGACGATAT-1_A549-A549	A549
TACACCCTCGCTGTCT-1_A549-A549	A549
TACTGCCGTAAGCTCT-1_A549-A549	A549
TAGGAGGAGTTAGTAG-1_A549-A549	A549
TAGGTTGTCTTACGGA-1_A549-A549	A549
TAGTGCAAGTGAGCCA-1_A549-A549	A549
TATGTTCCAGGACAGT-1_A549-A549	A549
TCACGGGGTCATCAGT-1_A549-A549	A549
TCATGCCCACCCTCTA-1_A549-A549	A549
TCCCACATCCCAAGCG-1_A549-A549	A549
TCGAACAAGCTACTGT-1_A549-A549	A549
TCGGGCAAGCCGGAAT-1_A549-A549	A549
TCGTGGGCAGAACATA-1_A549-A549	A549
TCTAACTGTGTGTACT-1_A549-A549	A549
TCTCACGTCCCGTTGT-1_A549-A549	A549
TCTCAGCCATCCGGTG-1_A549-A549	A549
TCTTTGAAGTACCATC-1_A549-A549	A549
TGCTTCGTCAGTCTTT-1_A549-A549	A549
TGGATGTAGTCGAGGT-1_A549-A549	A549
TGGTACAAGAGGTATT-1_A549-A549	A549
TGTCCCAGTCTCGCGA-1_A549-A549	A549
TTCCTAAAGTGCGTCC-1_A549-A549	A549
TTCCTTCCATCCTATT-1_A549-A549	A549
TTCGATTCAGATCCAT-1_A549-A549	A549
TTCTTCCCAGAGACTG-1_A549-A549	A549
TTGTTTGTCAACCTCC-1_A549-A549	A549
TTTACGTAGGTTTGAA-1_A549-A549	A549
TTTCGATCACACTGGC-1_A549-A549	A549
AAAGGTAAGCAATAGT-1_CCL-185-IG-CCL-185-IG	CCL-185-IG
AAAGTGAAGATTCGCT-1_CCL-185-IG-CCL-185-IG	CCL-185-IG
AACAAGAGTGAGGCAT-1_CCL-185-IG-CCL-185-IG	CCL-185-IG
AACAAGAGTTTACCTT-1_CCL-185-IG-CCL-185-IG	CCL-185-IG
AATAGAGTCCCTCTAG-1_CCL-185-IG-CCL-185-IG	CCL-185-IG
ACACTGAGTGGTCTGC-1_CCL-185-IG-CCL-185-IG	CCL-185-IG
ACATGCAGTACGCTTA-1_CCL-185-IG-CCL-185-IG	CCL-185-IG
ACCGTTCAGGGAGGCA-1_CCL-185-IG-CCL-185-IG	CCL-185-IG
ACCTGAACAGCGGTTC-1_CCL-185-IG-CCL-185-IG	CCL-185-IG
ACGCACGAGGCGTTAG-1_CCL-185-IG-CCL-185-IG	CCL-185-IG
ACGGGTCAGGGCAGTT-1_CCL-185-IG-CCL-185-IG	CCL-185-IG
ACTACGACAGAGTCTT-1_CCL-185-IG-CCL-185-IG	CCL-185-IG
ACTCTCGTCAGGGATG-1_CCL-185-IG-CCL-185-IG	CCL-185-IG
AGAAGCGCACCAGGTC-1_CCL-185-IG-CCL-185-IG	CCL-185-IG
AGAGCAGAGTTCCAGT-1_CCL-185-IG-CCL-185-IG	CCL-185-IG
AGATGAATCCCATAAG-1_CCL-185-IG-CCL-185-IG	CCL-185-IG
AGGAGGTTCCGTCAAA-1_CCL-185-IG-CCL-185-IG	CCL-185-IG
AGTACTGTCGCCACTT-1_CCL-185-IG-CCL-185-IG	CCL-185-IG
ATAGACCGTATCAGCT-1_CCL-185-IG-CCL-185-IG	CCL-185-IG
ATCACGACAATCTCGA-1_CCL-185-IG-CCL-185-IG	CCL-185-IG
ATCCCTGCAGCAGATG-1_CCL-185-IG-CCL-185-IG	CCL-185-IG
ATCCTATAGATAGGGA-1_CCL-185-IG-CCL-185-IG	CCL-185-IG
ATCGCCTGTGAATAAC-1_CCL-185-IG-CCL-185-IG	CCL-185-IG
ATCGTCCGTCCAGGTC-1_CCL-185-IG-CCL-185-IG	CCL-185-IG
ATCGTCCTCGCCAATA-1_CCL-185-IG-CCL-185-IG	CCL-185-IG
ATGCGATAGTGTAGAT-1_CCL-185-IG-CCL-185-IG	CCL-185-IG
ATTCACTGTGAAAGTT-1_CCL-185-IG-CCL-185-IG	CCL-185-IG
CAACCAAAGACCATGG-1_CCL-185-IG-CCL-185-IG	CCL-185-IG
CACATGACACTTGAGT-1_CCL-185-IG-CCL-185-IG	CCL-185-IG
CAGCAGCCAAGCCCAC-1_CCL-185-IG-CCL-185-IG	CCL-185-IG
CAGGCCAGTATCGTGT-1_CCL-185-IG-CCL-185-IG	CCL-185-IG
CATTCTAAGTTAACAG-1_CCL-185-IG-CCL-185-IG	CCL-185-IG
CCAAGCGGTCACAGAG-1_CCL-185-IG-CCL-185-IG	CCL-185-IG
CCGGGTACACACCTGG-1_CCL-185-IG-CCL-185-IG	CCL-185-IG
CCTTGTGCAATCGCCG-1_CCL-185-IG-CCL-185-IG	CCL-185-IG
CGAAGGAAGCCACTCG-1_CCL-185-IG-CCL-185-IG	CCL-185-IG
CGCCAGATCAGCTTCC-1_CCL-185-IG-CCL-185-IG	CCL-185-IG
CGGGACTAGATCCGAG-1_CCL-185-IG-CCL-185-IG	CCL-185-IG
CGGGTCACACACACTA-1_CCL-185-IG-CCL-185-IG	CCL-185-IG
CTATCTATCTGCGTCT-1_CCL-185-IG-CCL-185-IG	CCL-185-IG
CTCAAGACAGCCGGTT-1_CCL-185-IG-CCL-185-IG	CCL-185-IG
CTGAATGTCCTACTGC-1_CCL-185-IG-CCL-185-IG	CCL-185-IG
CTGAGCGCACAGCGCT-1_CCL-185-IG-CCL-185-IG	CCL-185-IG
CTGCATCGTTGGCCGT-1_CCL-185-IG-CCL-185-IG	CCL-185-IG
CTGTATTAGTAGGCCA-1_CCL-185-IG-CCL-185-IG	CCL-185-IG
CTTCGGTCACAAATGA-1_CCL-185-IG-CCL-185-IG	CCL-185-IG
GAACACTAGACTCAAA-1_CCL-185-IG-CCL-185-IG	CCL-185-IG
GAACACTCAGCTGTGC-1_CCL-185-IG-CCL-185-IG	CCL-185-IG
GAAGCCCAGTTGCTGT-1_CCL-185-IG-CCL-185-IG	CCL-185-IG
GAAGGGTGTCCGGCAT-1_CCL-185-IG-CCL-185-IG	CCL-185-IG
GACCAATAGCCTATCA-1_CCL-185-IG-CCL-185-IG	CCL-185-IG
GACCCTTTCAGAATAG-1_CCL-185-IG-CCL-185-IG	CCL-185-IG
GACCTTCTCACAGTGT-1_CCL-185-IG-CCL-185-IG	CCL-185-IG
GACTCTCCAGCTACAT-1_CCL-185-IG-CCL-185-IG	CCL-185-IG
GAGACTTCACCACTGG-1_CCL-185-IG-CCL-185-IG	CCL-185-IG
GAGTCATCAGTTTCGA-1_CCL-185-IG-CCL-185-IG	CCL-185-IG
GAGTTGTAGCGTTAGG-1_CCL-185-IG-CCL-185-IG	CCL-185-IG
GATTCGATCCCAATAG-1_CCL-185-IG-CCL-185-IG	CCL-185-IG
GATTTCTTCTCGGTCT-1_CCL-185-IG-CCL-185-IG	CCL-185-IG
GCGGAAACAACAGCCC-1_CCL-185-IG-CCL-185-IG	CCL-185-IG
GCTACCTTCCGACATA-1_CCL-185-IG-CCL-185-IG	CCL-185-IG
GCTTGGGCAAATCGTC-1_CCL-185-IG-CCL-185-IG	CCL-185-IG
GCTTGGGCAGTTGAAA-1_CCL-185-IG-CCL-185-IG	CCL-185-IG
GGAACCCGTGTTAAAG-1_CCL-185-IG-CCL-185-IG	CCL-185-IG
GGGATGATCCAAATGC-1_CCL-185-IG-CCL-185-IG	CCL-185-IG
GGTGGCTAGCGTCTGC-1_CCL-185-IG-CCL-185-IG	CCL-185-IG
GTAATGCAGCGACTGA-1_CCL-185-IG-CCL-185-IG	CCL-185-IG
GTAGCTACAGCACAGA-1_CCL-185-IG-CCL-185-IG	CCL-185-IG
GTATTGGCATCCCACT-1_CCL-185-IG-CCL-185-IG	CCL-185-IG
GTATTGGTCTAGCAAC-1_CCL-185-IG-CCL-185-IG	CCL-185-IG
GTCTCACTCAGCTTCC-1_CCL-185-IG-CCL-185-IG	CCL-185-IG
GTGGAAGCAGACTCTA-1_CCL-185-IG-CCL-185-IG	CCL-185-IG
GTTACGAAGGTCCCTG-1_CCL-185-IG-CCL-185-IG	CCL-185-IG
TAAGCCATCTGGGCAC-1_CCL-185-IG-CCL-185-IG	CCL-185-IG
TAAGCGTTCAGGTAAA-1_CCL-185-IG-CCL-185-IG	CCL-185-IG
TACTGCCCAAAGCACG-1_CCL-185-IG-CCL-185-IG	CCL-185-IG
TAGGGTTGTTGTTGAC-1_CCL-185-IG-CCL-185-IG	CCL-185-IG
TAGGTTGAGGGAGTTC-1_CCL-185-IG-CCL-185-IG	CCL-185-IG
TATACCTTCAAATGCC-1_CCL-185-IG-CCL-185-IG	CCL-185-IG
TATCCTACATGTGCTA-1_CCL-185-IG-CCL-185-IG	CCL-185-IG
TATCGCCCATTACGGT-1_CCL-185-IG-CCL-185-IG	CCL-185-IG
TCATGAGTCCGACGGT-1_CCL-185-IG-CCL-185-IG	CCL-185-IG
TCCATGCTCCTCAGAA-1_CCL-185-IG-CCL-185-IG	CCL-185-IG
TCGTAGATCCGTATGA-1_CCL-185-IG-CCL-185-IG	CCL-185-IG
TCTCCGACAAACTGCT-1_CCL-185-IG-CCL-185-IG	CCL-185-IG
TGAACGTAGGAGTCTG-1_CCL-185-IG-CCL-185-IG	CCL-185-IG
TGAGCATAGACAGCGT-1_CCL-185-IG-CCL-185-IG	CCL-185-IG
TGATCAGAGAGAGCCT-1_CCL-185-IG-CCL-185-IG	CCL-185-IG
TGCTGAAAGTAGACAT-1_CCL-185-IG-CCL-185-IG	CCL-185-IG
TGGGAAGGTGAATATG-1_CCL-185-IG-CCL-185-IG	CCL-185-IG
TGTACAGCATCCTATT-1_CCL-185-IG-CCL-185-IG	CCL-185-IG
TGTCCTGAGAATCGAT-1_CCL-185-IG-CCL-185-IG	CCL-185-IG
TGTCCTGAGTCATTGC-1_CCL-185-IG-CCL-185-IG	CCL-185-IG
TTAGGCAGTCGTGCCA-1_CCL-185-IG-CCL-185-IG	CCL-185-IG
TTCCACGCATCTTCGC-1_CCL-185-IG-CCL-185-IG	CCL-185-IG
TTCCGGTTCATGAGAA-1_CCL-185-IG-CCL-185-IG	CCL-185-IG
TTCCTAAGTGATGGCA-1_CCL-185-IG-CCL-185-IG	CCL-185-IG
TTCTGTATCGGCCTTT-1_CCL-185-IG-CCL-185-IG	CCL-185-IG
TTTCAGTTCATTTCGT-1_CCL-185-IG-CCL-185-IG	CCL-185-IG
TTTGTTGAGGAGAATG-1_CCL-185-IG-CCL-185-IG	CCL-185-IG
AAAGGGCAGAATCGTA-1_CRL5868-CRL5868	CRL5868
AAAGGGCGTGGCAGAT-1_CRL5868-CRL5868	CRL5868
AAATGGAAGGTTAGTA-1_CRL5868-CRL5868	CRL5868
AACCACATCCAGGACC-1_CRL5868-CRL5868	CRL5868
AATCACGGTAATCAAG-1_CRL5868-CRL5868	CRL5868
ACAACCATCTGCTGAA-1_CRL5868-CRL5868	CRL5868
ACACAGTCATCGATCA-1_CRL5868-CRL5868	CRL5868
ACAGCCGTCTACTATC-1_CRL5868-CRL5868	CRL5868
ACTACGATCTCACGAA-1_CRL5868-CRL5868	CRL5868
ACTATGGAGACCAGAC-1_CRL5868-CRL5868	CRL5868
ACTATTCAGGATTTGA-1_CRL5868-CRL5868	CRL5868
ACTATTCCATGAATAG-1_CRL5868-CRL5868	CRL5868
ACTGTCCTCACCTCAC-1_CRL5868-CRL5868	CRL5868
AGAGCCCGTTGTATGC-1_CRL5868-CRL5868	CRL5868
AGATGAATCGGAGATG-1_CRL5868-CRL5868	CRL5868
AGCCAGCAGTAGTCCT-1_CRL5868-CRL5868	CRL5868
AGCTCAATCGTAACAC-1_CRL5868-CRL5868	CRL5868
AGGACGATCCGTAGTA-1_CRL5868-CRL5868	CRL5868
AGGTTACAGCGTGAGT-1_CRL5868-CRL5868	CRL5868
AGTACTGGTTCTTGTT-1_CRL5868-CRL5868	CRL5868
AGTAGTCCAAGGTCTT-1_CRL5868-CRL5868	CRL5868
ATAGGCTAGGGCTTCC-1_CRL5868-CRL5868	CRL5868
ATCGATGTCTTAAGGC-1_CRL5868-CRL5868	CRL5868
ATCGCCTGTCACCCTT-1_CRL5868-CRL5868	CRL5868
ATGAGTCTCGGAATTC-1_CRL5868-CRL5868	CRL5868
ATGGATCGTTCGCGTG-1_CRL5868-CRL5868	CRL5868
CACTTCGGTTGCTCCT-1_CRL5868-CRL5868	CRL5868
CAGGTATGTGGCTAGA-1_CRL5868-CRL5868	CRL5868
CATACAGTCTCAGGCG-1_CRL5868-CRL5868	CRL5868
CATGAGTAGTGGTTCT-1_CRL5868-CRL5868	CRL5868
CATGGATTCCACCTCA-1_CRL5868-CRL5868	CRL5868
CCACAAAGTTAGTTCG-1_CRL5868-CRL5868	CRL5868
CCCTTAGCAGGCATTT-1_CRL5868-CRL5868	CRL5868
CCGAACGGTCCTGTTC-1_CRL5868-CRL5868	CRL5868
CCTCACACAAAGACGC-1_CRL5868-CRL5868	CRL5868
CGAGAAGAGAGTGACC-1_CRL5868-CRL5868	CRL5868
CGCCATTGTCAACCAT-1_CRL5868-CRL5868	CRL5868
CGGACACCATAACTCG-1_CRL5868-CRL5868	CRL5868
CGGAGAACACAGAGAC-1_CRL5868-CRL5868	CRL5868
CTCCGATTCCATCTAT-1_CRL5868-CRL5868	CRL5868
CTCCTCCTCGAACCAT-1_CRL5868-CRL5868	CRL5868
CTCTCGAAGCCTTCTC-1_CRL5868-CRL5868	CRL5868
CTGAGCGAGACAAGCC-1_CRL5868-CRL5868	CRL5868
CTGTACCAGTAGCAAT-1_CRL5868-CRL5868	CRL5868
CTTTCGGCAAAGGTTA-1_CRL5868-CRL5868	CRL5868
GAACACTGTGACAGGT-1_CRL5868-CRL5868	CRL5868
GAACGTTGTCTTCGAA-1_CRL5868-CRL5868	CRL5868
GAAGAATGTCCCGGTA-1_CRL5868-CRL5868	CRL5868
GACCAATGTAGGACCA-1_CRL5868-CRL5868	CRL5868
GACTCTCCACATTCGA-1_CRL5868-CRL5868	CRL5868
GAGCTGCCACTCAAGT-1_CRL5868-CRL5868	CRL5868
GAGGGTACACCTTCGT-1_CRL5868-CRL5868	CRL5868
GATAGAACACCTCGTT-1_CRL5868-CRL5868	CRL5868
GATCGTACAGATCATC-1_CRL5868-CRL5868	CRL5868
GATGATCGTCAACCTA-1_CRL5868-CRL5868	CRL5868
GATTCTTTCCAAAGGG-1_CRL5868-CRL5868	CRL5868
GCATGATTCAAGCGTT-1_CRL5868-CRL5868	CRL5868
GCCGTGAAGGTACAGC-1_CRL5868-CRL5868	CRL5868
GCTACAAAGTCTCCTC-1_CRL5868-CRL5868	CRL5868
GCTGAATGTCAGGCAA-1_CRL5868-CRL5868	CRL5868
GGAATCTCATGACAGG-1_CRL5868-CRL5868	CRL5868
GGAGGATGTACTCGCG-1_CRL5868-CRL5868	CRL5868
GGCAGTCTCGAAACAA-1_CRL5868-CRL5868	CRL5868
GGGACCTGTGACACAG-1_CRL5868-CRL5868	CRL5868
GGGCGTTCAGTAGTGG-1_CRL5868-CRL5868	CRL5868
GGGTGTCTCCGTAGTA-1_CRL5868-CRL5868	CRL5868
GGTAACTGTTGCACGC-1_CRL5868-CRL5868	CRL5868
GGTGATTCAGAGACTG-1_CRL5868-CRL5868	CRL5868
GGTGATTTCGTAGTGT-1_CRL5868-CRL5868	CRL5868
GGTTGTATCGTCGACG-1_CRL5868-CRL5868	CRL5868
GTAACCAGTTCACGAT-1_CRL5868-CRL5868	CRL5868
GTAGAAATCCGGACGT-1_CRL5868-CRL5868	CRL5868
GTCACGGGTGTGCCTG-1_CRL5868-CRL5868	CRL5868
GTGTGGCTCGCTCCTA-1_CRL5868-CRL5868	CRL5868
GTTATGGGTAAGACCG-1_CRL5868-CRL5868	CRL5868
GTTGTAGAGGTGATAT-1_CRL5868-CRL5868	CRL5868
GTTTACTAGTATAGAC-1_CRL5868-CRL5868	CRL5868
GTTTGGAAGCAGATAT-1_CRL5868-CRL5868	CRL5868
TACAACGGTTATCTTC-1_CRL5868-CRL5868	CRL5868
TATCAGGGTCTTTATC-1_CRL5868-CRL5868	CRL5868
TATGTTCGTACCGGAA-1_CRL5868-CRL5868	CRL5868
TCACGGGCATCCGAGC-1_CRL5868-CRL5868	CRL5868
TCATCCGGTGGCACTC-1_CRL5868-CRL5868	CRL5868
TCATGTTTCTACTTCA-1_CRL5868-CRL5868	CRL5868
TCATTCAAGAAGTCAT-1_CRL5868-CRL5868	CRL5868
TCCCACAGTCTGTGGC-1_CRL5868-CRL5868	CRL5868
TCCGTGTCAGATACCT-1_CRL5868-CRL5868	CRL5868
TGAGGGAGTTCTCGTC-1_CRL5868-CRL5868	CRL5868
TGCGACGGTAGAAACT-1_CRL5868-CRL5868	CRL5868
TGCGGGTGTTTGTTCT-1_CRL5868-CRL5868	CRL5868
TGCTTCGAGTCGCCAC-1_CRL5868-CRL5868	CRL5868
TGGCGTGCAAAGCAAT-1_CRL5868-CRL5868	CRL5868
TGTGCGGTCCTAGCGG-1_CRL5868-CRL5868	CRL5868
TGTGTGATCACTACTT-1_CRL5868-CRL5868	CRL5868
TTCTCTCTCTGGACTA-1_CRL5868-CRL5868	CRL5868
TTGATGGGTGATTCAC-1_CRL5868-CRL5868	CRL5868
TTGCCTGCAAAGGCAC-1_CRL5868-CRL5868	CRL5868
TTGGTTTCAATAACCC-1_CRL5868-CRL5868	CRL5868
TTGTGGACACCAGTAT-1_CRL5868-CRL5868	CRL5868
TTTCACAAGTGGAATT-1_CRL5868-CRL5868	CRL5868
AAAGGGCTCCGCTAGG-1_DV90-DV90	DV90
AAAGGTAGTGACGCCT-1_DV90-DV90	DV90
AACAAAGGTTATCTGG-1_DV90-DV90	DV90
AACAACCCAGGTCCGT-1_DV90-DV90	DV90
AACAAGAAGGATACGC-1_DV90-DV90	DV90
AACCCAAGTGCAATGG-1_DV90-DV90	DV90
AACCTGACACGGGTAA-1_DV90-DV90	DV90
AATGCCACAGAGATTA-1_DV90-DV90	DV90
ACAAAGACAATCAAGA-1_DV90-DV90	DV90
ACACGCGAGTAATCCC-1_DV90-DV90	DV90
ACATCGATCATCGGGC-1_DV90-DV90	DV90
ACCAACAGTCACCACG-1_DV90-DV90	DV90
ACCACAACAGCCCAGT-1_DV90-DV90	DV90
ACTCCCACAATTCGTG-1_DV90-DV90	DV90
ACTGATGCATTGCCTC-1_DV90-DV90	DV90
AGCCAGCCAATCGCGC-1_DV90-DV90	DV90
AGGAAATTCATCAGTG-1_DV90-DV90	DV90
AGGCTGCTCGTTGTGA-1_DV90-DV90	DV90
AGGTTACCAAGTGACG-1_DV90-DV90	DV90
AGGTTGTTCCTTCAGC-1_DV90-DV90	DV90
AGTAGCTCAGTGTGGA-1_DV90-DV90	DV90
AGTAGTCAGGCATTTC-1_DV90-DV90	DV90
AGTGTTGGTTAAACAG-1_DV90-DV90	DV90
ATACCGACAAGGTCGA-1_DV90-DV90	DV90
ATGAGTCAGCCTCGTG-1_DV90-DV90	DV90
ATGATCGAGGCTGAAC-1_DV90-DV90	DV90
CAAGCTAAGAGGGTGG-1_DV90-DV90	DV90
CACACAATCCTATGGA-1_DV90-DV90	DV90
CACAGATAGAGAGTTT-1_DV90-DV90	DV90
CAGATTGAGACGGTTG-1_DV90-DV90	DV90
CATAGACTCTCCCAAC-1_DV90-DV90	DV90
CATTGAGCAGTCTACA-1_DV90-DV90	DV90
CATTGCCGTTGCAACT-1_DV90-DV90	DV90
CCCGAAGGTTCAAGGG-1_DV90-DV90	DV90
CCGTGAGCAGCATGCC-1_DV90-DV90	DV90
CCTTCAGAGATCGCCC-1_DV90-DV90	DV90
CGAATTGAGCTGGCCT-1_DV90-DV90	DV90
CGAATTGGTCAAGCGA-1_DV90-DV90	DV90
CGAGTGCGTCCGGATC-1_DV90-DV90	DV90
CGCATGGAGTTCGGTT-1_DV90-DV90	DV90
CGCCAGAGTTTACGTG-1_DV90-DV90	DV90
CGCGTGAAGGAAACGA-1_DV90-DV90	DV90
CGGAATTTCACCACAA-1_DV90-DV90	DV90
CGGGTCACAACTCGTA-1_DV90-DV90	DV90
CGGTCAGCATAGGAGC-1_DV90-DV90	DV90
CGTGATACAGAGGACT-1_DV90-DV90	DV90
CGTGATAGTATACCCA-1_DV90-DV90	DV90
CGTTGGGCAGGATTCT-1_DV90-DV90	DV90
CTAACCCGTGCACATT-1_DV90-DV90	DV90
CTCGAGGCAATGCAAA-1_DV90-DV90	DV90
CTCTGGTTCGCCAGAC-1_DV90-DV90	DV90
CTGCCTAGTTCAAAGA-1_DV90-DV90	DV90
CTGCGAGTCCCTTGTG-1_DV90-DV90	DV90
CTGGCAGCACTGCACG-1_DV90-DV90	DV90
CTTCAATTCGGACGTC-1_DV90-DV90	DV90
CTTCTAACATAAGCAA-1_DV90-DV90	DV90
CTTTCGGTCACTGATG-1_DV90-DV90	DV90
GAAGAATGTTTGGAAA-1_DV90-DV90	DV90
GAAGAATTCTACTCAT-1_DV90-DV90	DV90
GAAGCGATCGACCTAA-1_DV90-DV90	DV90
GAATAGATCCGGCTTT-1_DV90-DV90	DV90
GACTATGGTGAGATTA-1_DV90-DV90	DV90
GACTCTCAGTGAGCCA-1_DV90-DV90	DV90
GAGAGGTGTGTGGACA-1_DV90-DV90	DV90
GATCGTACATGAGATA-1_DV90-DV90	DV90
GCCAACGGTATCACGT-1_DV90-DV90	DV90
GCCGTGAAGTTGCATC-1_DV90-DV90	DV90
GCTACCTAGCCTGTGC-1_DV90-DV90	DV90
GGGATGAAGGTAGTAT-1_DV90-DV90	DV90
GTCATCCTCCAATCTT-1_DV90-DV90	DV90
GTGAGGAAGCGCAATG-1_DV90-DV90	DV90
GTGATGTGTGAACCGA-1_DV90-DV90	DV90
GTGCTGGGTTTGCCGG-1_DV90-DV90	DV90
GTGCTTCCACTGGCCA-1_DV90-DV90	DV90
GTGTTCCGTCCGGACT-1_DV90-DV90	DV90
GTTAGACAGGTTGAGC-1_DV90-DV90	DV90
GTTCATTAGCGCCTAC-1_DV90-DV90	DV90
GTTGCGGTCTGAGAGG-1_DV90-DV90	DV90
TAATTCCGTACGAAAT-1_DV90-DV90	DV90
TACCTCGCAGCTGAGA-1_DV90-DV90	DV90
TACGTCCAGATAGTGT-1_DV90-DV90	DV90
TACTTACGTCTGCCTT-1_DV90-DV90	DV90
TATTCCAAGAGTCTGG-1_DV90-DV90	DV90
TCAGGGCTCTTGTTAC-1_DV90-DV90	DV90
TCCCACAAGAATGTTG-1_DV90-DV90	DV90
TCCCACAAGCGTATAA-1_DV90-DV90	DV90
TCCTTCTTCCTAACAG-1_DV90-DV90	DV90
TCGACCTTCGTGGCGT-1_DV90-DV90	DV90
TGACAGTGTATTTCTC-1_DV90-DV90	DV90
TGACCCTCACCTCGTT-1_DV90-DV90	DV90
TGCCGAGGTCGATTCA-1_DV90-DV90	DV90
TGCGATAGTAGCTAAA-1_DV90-DV90	DV90
TGGATCACATTGTACG-1_DV90-DV90	DV90
TGGGCTGGTTGCGGAA-1_DV90-DV90	DV90
TGTCAGAAGTCGAAAT-1_DV90-DV90	DV90
TTATTGCGTTCCGCTT-1_DV90-DV90	DV90
TTCTGTACATAACGGG-1_DV90-DV90	DV90
TTGACCCGTACGGATG-1_DV90-DV90	DV90
TTTAGTCGTCAAAGCG-1_DV90-DV90	DV90
TTTCAGTTCATAGACC-1_DV90-DV90	DV90
AACCACATCGCGGTAC-1_HCC78-HCC78	HCC78
AAGACAACACATGAAA-1_HCC78-HCC78	HCC78
AAGCGAGAGCGCCTCA-1_HCC78-HCC78	HCC78
AATAGAGGTCGATTAC-1_HCC78-HCC78	HCC78
AATAGAGTCCTAGCGG-1_HCC78-HCC78	HCC78
AATGGAAAGGAACATT-1_HCC78-HCC78	HCC78
AATTTCCGTGCATGAG-1_HCC78-HCC78	HCC78
ACAACCACATCATTTC-1_HCC78-HCC78	HCC78
ACAGGGAAGGTTCACT-1_HCC78-HCC78	HCC78
ACGATCACAAGAGGCT-1_HCC78-HCC78	HCC78
ACTGCAAAGTCAACAA-1_HCC78-HCC78	HCC78
ACTTAGGAGCGTGTCC-1_HCC78-HCC78	HCC78
AGATCGTAGCGACTAG-1_HCC78-HCC78	HCC78
AGTACCAGTATTGAGA-1_HCC78-HCC78	HCC78
AGTCAACTCGTAGCCG-1_HCC78-HCC78	HCC78
AGTGATCAGCAGCGAT-1_HCC78-HCC78	HCC78
AGTTCGAGTGGCGTAA-1_HCC78-HCC78	HCC78
ATACCTTTCACAGAGG-1_HCC78-HCC78	HCC78
ATGAGTCAGGAACTCG-1_HCC78-HCC78	HCC78
ATGCATGTCTCAACCC-1_HCC78-HCC78	HCC78
ATGTCTTGTGAATGAT-1_HCC78-HCC78	HCC78
ATTATCCGTGGAACCA-1_HCC78-HCC78	HCC78
ATTCAGGTCCAGCAAT-1_HCC78-HCC78	HCC78
ATTCATCAGCGAAACC-1_HCC78-HCC78	HCC78
ATTCCCGTCCATCAGA-1_HCC78-HCC78	HCC78
CAAAGAACACTAAACC-1_HCC78-HCC78	HCC78
CATGGTAAGCCGTCGT-1_HCC78-HCC78	HCC78
CCAATTTCAACGATCT-1_HCC78-HCC78	HCC78
CCACCATGTGGCTACC-1_HCC78-HCC78	HCC78
CCATAAGGTCACTGAT-1_HCC78-HCC78	HCC78
CCCTAACCACTGCACG-1_HCC78-HCC78	HCC78
CCGTGAGTCAACTACG-1_HCC78-HCC78	HCC78
CCTCTAGAGTGGGAAA-1_HCC78-HCC78	HCC78
CGATCGGGTGACTGTT-1_HCC78-HCC78	HCC78
CGCATAATCCAAGCAT-1_HCC78-HCC78	HCC78
CGGAACCGTTAACCTG-1_HCC78-HCC78	HCC78
CGTAGTATCGGTAAGG-1_HCC78-HCC78	HCC78
CTATCTATCGTTATCT-1_HCC78-HCC78	HCC78
CTGAGCGTCACGGAGA-1_HCC78-HCC78	HCC78
CTGAGGCAGTTGTACC-1_HCC78-HCC78	HCC78
CTGTAGAAGGCTGTAG-1_HCC78-HCC78	HCC78
CTTCAATCAACTCCCT-1_HCC78-HCC78	HCC78
GACCTTCGTATATGGA-1_HCC78-HCC78	HCC78
GAGACTTTCCGAGTGC-1_HCC78-HCC78	HCC78
GATAGCTTCTTAGCCC-1_HCC78-HCC78	HCC78
GATCATGAGCGATGCA-1_HCC78-HCC78	HCC78
GATGGAGAGCTGACAG-1_HCC78-HCC78	HCC78
GATTCGAAGATGCTGG-1_HCC78-HCC78	HCC78
GCAACATTCACTCACC-1_HCC78-HCC78	HCC78
GCGGAAAGTCTTCTAT-1_HCC78-HCC78	HCC78
GGAATGGCATTGACAC-1_HCC78-HCC78	HCC78
GGAGGATGTTTCTTAC-1_HCC78-HCC78	HCC78
GGCTGTGAGTACTGGG-1_HCC78-HCC78	HCC78
GGGACCTGTGCCTAAT-1_HCC78-HCC78	HCC78
GGGAGTAGTCTTACTT-1_HCC78-HCC78	HCC78
GGGTGAATCTTCTAAC-1_HCC78-HCC78	HCC78
GGTAGAGAGCCTCAGC-1_HCC78-HCC78	HCC78
GGTAGAGTCAAGTAAG-1_HCC78-HCC78	HCC78
GTAATCGCATGTTTGG-1_HCC78-HCC78	HCC78
GTCAGCGCACCCTAGG-1_HCC78-HCC78	HCC78
GTCTCACTCGCCGATG-1_HCC78-HCC78	HCC78
GTGAGCCTCTGCGTCT-1_HCC78-HCC78	HCC78
GTGAGTTCATCCGTTC-1_HCC78-HCC78	HCC78
GTGCACGGTGTGTCGC-1_HCC78-HCC78	HCC78
GTGGAAGCATCGGAGA-1_HCC78-HCC78	HCC78
GTGGCGTGTAATGTGA-1_HCC78-HCC78	HCC78
GTGTAACAGGGCTGAT-1_HCC78-HCC78	HCC78
GTTGCGGCAGAGAGGG-1_HCC78-HCC78	HCC78
TACCCGTCAAGATTGA-1_HCC78-HCC78	HCC78
TACCTCGGTGGGATTG-1_HCC78-HCC78	HCC78
TACGGGCTCCTTCGAC-1_HCC78-HCC78	HCC78
TATGTTCGTAGTATAG-1_HCC78-HCC78	HCC78
TATTCCAGTTGCTGAT-1_HCC78-HCC78	HCC78
TCACAAGAGGAACTCG-1_HCC78-HCC78	HCC78
TCACACCCAGCACAAG-1_HCC78-HCC78	HCC78
TCACGGGAGCTGAGTG-1_HCC78-HCC78	HCC78
TCAGCAAGTTTCGACA-1_HCC78-HCC78	HCC78
TCATCCGGTTTCACTT-1_HCC78-HCC78	HCC78
TCCACGTCACTATCCC-1_HCC78-HCC78	HCC78
TCCGTGTCACGAAAGC-1_HCC78-HCC78	HCC78
TCGATTTCATGAAAGT-1_HCC78-HCC78	HCC78
TCGTGCTGTCACGCTG-1_HCC78-HCC78	HCC78
TCTCACGTCTACGCGG-1_HCC78-HCC78	HCC78
TCTTGCGCACTGTTCC-1_HCC78-HCC78	HCC78
TGAATCGGTGCCTTCT-1_HCC78-HCC78	HCC78
TGAGCATAGCGGGTAT-1_HCC78-HCC78	HCC78
TGAGCATTCAGCAATC-1_HCC78-HCC78	HCC78
TGATCAGCAGAATTCC-1_HCC78-HCC78	HCC78
TGATGCACAGGCTTGC-1_HCC78-HCC78	HCC78
TGGTACAAGAGCCATG-1_HCC78-HCC78	HCC78
TGTCAGACAGTGTACT-1_HCC78-HCC78	HCC78
TGTCCTGCAGACAATA-1_HCC78-HCC78	HCC78
TGTTGAGGTGGCTGCT-1_HCC78-HCC78	HCC78
TTAGGCAAGGCGCTTC-1_HCC78-HCC78	HCC78
TTCATTGAGCCTGTGC-1_HCC78-HCC78	HCC78
TTCCGGTGTAGGTACG-1_HCC78-HCC78	HCC78
TTCGATTAGACACACG-1_HCC78-HCC78	HCC78
TTCTGTATCTTGGGCG-1_HCC78-HCC78	HCC78
TTGACCCAGTAGGCCA-1_HCC78-HCC78	HCC78
TTTCGATTCTTAATCC-1_HCC78-HCC78	HCC78
AAATGGACAGTAGTTC-1_HTB178_HTB178-HTB178	HTB178
AACAAAGGTTCCCACT-1_HTB178_HTB178-HTB178	HTB178
AAGACAAGTAGAGTTA-1_HTB178_HTB178-HTB178	HTB178
AATTTCCTCACCTTGC-1_HTB178_HTB178-HTB178	HTB178
ACAACCATCTTAGTTC-1_HTB178_HTB178-HTB178	HTB178
ACGCACGTCGGTGTAT-1_HTB178_HTB178-HTB178	HTB178
ACTGCAAGTAGCGCTC-1_HTB178_HTB178-HTB178	HTB178
AGAGAATAGGTTGTTC-1_HTB178_HTB178-HTB178	HTB178
AGCATCATCTGGTTGA-1_HTB178_HTB178-HTB178	HTB178
AGCGATTCAGGATGAC-1_HTB178_HTB178-HTB178	HTB178
AGGAATACAAATCGGG-1_HTB178_HTB178-HTB178	HTB178
AGGAGGTCACGCCACA-1_HTB178_HTB178-HTB178	HTB178
AGGATCTGTTGGTAGG-1_HTB178_HTB178-HTB178	HTB178
AGTCACAGTTAAGACA-1_HTB178_HTB178-HTB178	HTB178
AGTCATGAGGATATAC-1_HTB178_HTB178-HTB178	HTB178
AGTGTTGGTACAAACA-1_HTB178_HTB178-HTB178	HTB178
AGTTAGCCACTCACTC-1_HTB178_HTB178-HTB178	HTB178
ATACCTTAGACATCAA-1_HTB178_HTB178-HTB178	HTB178
ATACTTCTCGGTCGGT-1_HTB178_HTB178-HTB178	HTB178
ATAGACCGTTAATGAG-1_HTB178_HTB178-HTB178	HTB178
ATCATTCAGGGTCAAC-1_HTB178_HTB178-HTB178	HTB178
ATCCGTCGTCTCAGAT-1_HTB178_HTB178-HTB178	HTB178
ATGGATCAGGCGACAT-1_HTB178_HTB178-HTB178	HTB178
ATGGGTTGTTCACCGG-1_HTB178_HTB178-HTB178	HTB178
CAACAACTCTAGTGAC-1_HTB178_HTB178-HTB178	HTB178
CAATCGAAGATGCTTC-1_HTB178_HTB178-HTB178	HTB178
CACTGGGGTATTGCCA-1_HTB178_HTB178-HTB178	HTB178
CAGCACGAGATCGCCC-1_HTB178_HTB178-HTB178	HTB178
CAGCAGCCACTTCCTG-1_HTB178_HTB178-HTB178	HTB178
CATCGCTAGCGTTGTT-1_HTB178_HTB178-HTB178	HTB178
CATCGCTCAAAGACGC-1_HTB178_HTB178-HTB178	HTB178
CATTCATAGAGTGTTA-1_HTB178_HTB178-HTB178	HTB178
CATTGAGGTCCACGCA-1_HTB178_HTB178-HTB178	HTB178
CCATAAGCACGACGAA-1_HTB178_HTB178-HTB178	HTB178
CCCGGAACAACTGAAA-1_HTB178_HTB178-HTB178	HTB178
CCGCAAGGTCGTGATT-1_HTB178_HTB178-HTB178	HTB178
CCGGTAGAGATGAATC-1_HTB178_HTB178-HTB178	HTB178
CCTCATGGTCCAAAGG-1_HTB178_HTB178-HTB178	HTB178
CTAACCCCAGGTACGA-1_HTB178_HTB178-HTB178	HTB178
CTGAGCGGTAACGTTC-1_HTB178_HTB178-HTB178	HTB178
CTTGAGAGTGAGCCAA-1_HTB178_HTB178-HTB178	HTB178
CTTGATTTCCCGTGTT-1_HTB178_HTB178-HTB178	HTB178
GAACACTAGAATTGCA-1_HTB178_HTB178-HTB178	HTB178
GACCGTGGTTCCGCAG-1_HTB178_HTB178-HTB178	HTB178
GACTCAATCCGTAGGC-1_HTB178_HTB178-HTB178	HTB178
GAGACCCCAACTGTGT-1_HTB178_HTB178-HTB178	HTB178
GATGTTGTCCGTCAAA-1_HTB178_HTB178-HTB178	HTB178
GCAACCGCAGCAGATG-1_HTB178_HTB178-HTB178	HTB178
GCATCGGGTCGTGTTA-1_HTB178_HTB178-HTB178	HTB178
GCCAGGTCACGGGTAA-1_HTB178_HTB178-HTB178	HTB178
GCTGAATGTTATGGTC-1_HTB178_HTB178-HTB178	HTB178
GGAATCTTCGAAATCC-1_HTB178_HTB178-HTB178	HTB178
GGAGGTAGTCACTACA-1_HTB178_HTB178-HTB178	HTB178
GGGACCTCAAGTACCT-1_HTB178_HTB178-HTB178	HTB178
GTAGAAATCGAAACAA-1_HTB178_HTB178-HTB178	HTB178
GTCAGCGCAGGGAATC-1_HTB178_HTB178-HTB178	HTB178
GTCATCCAGTTAGAAC-1_HTB178_HTB178-HTB178	HTB178
GTGCGTGCAGGTGTGA-1_HTB178_HTB178-HTB178	HTB178
GTTACAGGTTGCGTAT-1_HTB178_HTB178-HTB178	HTB178
GTTACGAAGCTGAGTG-1_HTB178_HTB178-HTB178	HTB178
TAACGACAGATTGAGT-1_HTB178_HTB178-HTB178	HTB178
TAAGCACGTCGTGATT-1_HTB178_HTB178-HTB178	HTB178
TAATTCCTCGTTCTGC-1_HTB178_HTB178-HTB178	HTB178
TACAGGTTCTGTGCTC-1_HTB178_HTB178-HTB178	HTB178
TACCTCGGTACATTGC-1_HTB178_HTB178-HTB178	HTB178
TACGGTAAGCGGACAT-1_HTB178_HTB178-HTB178	HTB178
TAGCACACAGGGATAC-1_HTB178_HTB178-HTB178	HTB178
TAGGAGGAGGTCGTGA-1_HTB178_HTB178-HTB178	HTB178
TAGGAGGCAGCACGAA-1_HTB178_HTB178-HTB178	HTB178
TAGGTTGCACTGTGTA-1_HTB178_HTB178-HTB178	HTB178
TATACCTGTATAGGAT-1_HTB178_HTB178-HTB178	HTB178
TATATCCGTCCGTACG-1_HTB178_HTB178-HTB178	HTB178
TATTCCATCTATGTGG-1_HTB178_HTB178-HTB178	HTB178
TCACGCTAGCTAGATA-1_HTB178_HTB178-HTB178	HTB178
TCAGGGCCACGAAAGC-1_HTB178_HTB178-HTB178	HTB178
TCATGCCAGTCCTACA-1_HTB178_HTB178-HTB178	HTB178
TCATGTTAGTCTTGGT-1_HTB178_HTB178-HTB178	HTB178
TCCGTGTTCCAAGCTA-1_HTB178_HTB178-HTB178	HTB178
TCCTCCCTCATCGACA-1_HTB178_HTB178-HTB178	HTB178
TCGGGTGCACTGTTCC-1_HTB178_HTB178-HTB178	HTB178
TCTTCCTCAAGGCCTC-1_HTB178_HTB178-HTB178	HTB178
TGAACGTGTGACTATC-1_HTB178_HTB178-HTB178	HTB178
TGACGCGTCGCGTGCA-1_HTB178_HTB178-HTB178	HTB178
TGACGCGTCTAGCCAA-1_HTB178_HTB178-HTB178	HTB178
TGCAGTAGTATGTGTC-1_HTB178_HTB178-HTB178	HTB178
TGCCGAGTCCTACTGC-1_HTB178_HTB178-HTB178	HTB178
TGCGGGTAGACTTAAG-1_HTB178_HTB178-HTB178	HTB178
TGCTGAAAGTTGCTGT-1_HTB178_HTB178-HTB178	HTB178
TGGAACTTCGCGTCGA-1_HTB178_HTB178-HTB178	HTB178
TGGCGTGTCCAGGACC-1_HTB178_HTB178-HTB178	HTB178
TGGTGATTCACTTCTA-1_HTB178_HTB178-HTB178	HTB178
TGTCCTGCATAGGCGA-1_HTB178_HTB178-HTB178	HTB178
TGTTTGTCAAGATGTA-1_HTB178_HTB178-HTB178	HTB178
TTACTGTAGTTTAGGA-1_HTB178_HTB178-HTB178	HTB178
TTACTGTCATAAGATG-1_HTB178_HTB178-HTB178	HTB178
TTAGGGTCAGGTTCAT-1_HTB178_HTB178-HTB178	HTB178
TTAGTCTCAGTCGCTG-1_HTB178_HTB178-HTB178	HTB178
TTGTGGACAAACTAGA-1_HTB178_HTB178-HTB178	HTB178
TTTGACTGTAGAAACT-1_HTB178_HTB178-HTB178	HTB178
TTTGGTTCAAGCTACT-1_HTB178_HTB178-HTB178	HTB178
AAACCCAAGCCGAACA-1_PBMC-PBMCs	PBMCs
AACAAGAGTCTGTGAT-1_PBMC-PBMCs	PBMCs
AACCACACACGTCGGT-1_PBMC-PBMCs	PBMCs
ACGTCCTTCAGGAAGC-1_PBMC-PBMCs	PBMCs
ACTCCCATCCACTGAA-1_PBMC-PBMCs	PBMCs
ACTTATCTCTCTCGCA-1_PBMC-PBMCs	PBMCs
AGACTCACACGCTATA-1_PBMC-PBMCs	PBMCs
AGGATCTAGTCACTAC-1_PBMC-PBMCs	PBMCs
AGGCATTGTTACACAC-1_PBMC-PBMCs	PBMCs
AGGGAGTTCGGATTAC-1_PBMC-PBMCs	PBMCs
AGGGCTCAGTAACAGT-1_PBMC-PBMCs	PBMCs
AGTACCACACGTAGAG-1_PBMC-PBMCs	PBMCs
AGTCAACTCTTTACAC-1_PBMC-PBMCs	PBMCs
AGTGACTCACTGTCCT-1_PBMC-PBMCs	PBMCs
AGTGACTCATTCTCCG-1_PBMC-PBMCs	PBMCs
ATACTTCCATTCTGTT-1_PBMC-PBMCs	PBMCs
ATTTCACGTAGCCAGA-1_PBMC-PBMCs	PBMCs
CAACCAATCCTCAGAA-1_PBMC-PBMCs	PBMCs
CAAGACTCAGGGCTTC-1_PBMC-PBMCs	PBMCs
CAATTTCAGCTGTGCC-1_PBMC-PBMCs	PBMCs
CACACAAGTTGCATTG-1_PBMC-PBMCs	PBMCs
CACCGTTAGGTCCAGA-1_PBMC-PBMCs	PBMCs
CAGCAATAGCTTTGTG-1_PBMC-PBMCs	PBMCs
CAGCAGCAGTAATCCC-1_PBMC-PBMCs	PBMCs
CATACTTCAGCGCGTT-1_PBMC-PBMCs	PBMCs
CATGCCTCAGAGGCAT-1_PBMC-PBMCs	PBMCs
CATGCTCCAATCGCGC-1_PBMC-PBMCs	PBMCs
CCAAGCGCACTGATTG-1_PBMC-PBMCs	PBMCs
CCACGAGGTTTCGACA-1_PBMC-PBMCs	PBMCs
CCCATTGAGAGAGCCT-1_PBMC-PBMCs	PBMCs
CCGCAAGCATATGGCT-1_PBMC-PBMCs	PBMCs
CCTAACCTCCGCAGTG-1_PBMC-PBMCs	PBMCs
CCTAAGAAGCGTCTGC-1_PBMC-PBMCs	PBMCs
CCTCAACTCCTCAGAA-1_PBMC-PBMCs	PBMCs
CCTCCTCGTTTACTTC-1_PBMC-PBMCs	PBMCs
CCTTGTGTCCACACAA-1_PBMC-PBMCs	PBMCs
CGAGGCTAGACATCCT-1_PBMC-PBMCs	PBMCs
CGTGATAAGGTCGCCT-1_PBMC-PBMCs	PBMCs
CTAAGTGCAGATTAAG-1_PBMC-PBMCs	PBMCs
CTCCAACTCCGTACGG-1_PBMC-PBMCs	PBMCs
CTCCATGGTCCACTTC-1_PBMC-PBMCs	PBMCs
CTTCGGTCAGGTCTCG-1_PBMC-PBMCs	PBMCs
CTTGATTGTATACCTG-1_PBMC-PBMCs	PBMCs
GAAGGACCAACGCCCA-1_PBMC-PBMCs	PBMCs
GAAGTAACAATCTGCA-1_PBMC-PBMCs	PBMCs
GAATCACTCGTTCCTG-1_PBMC-PBMCs	PBMCs
GACAGCCAGACATAGT-1_PBMC-PBMCs	PBMCs
GACCTTCCAACAGCCC-1_PBMC-PBMCs	PBMCs
GACGTTATCGTGCACG-1_PBMC-PBMCs	PBMCs
GAGATGGTCACATACG-1_PBMC-PBMCs	PBMCs
GATCACAGTTCATCGA-1_PBMC-PBMCs	PBMCs
GCATGATTCACCGCTT-1_PBMC-PBMCs	PBMCs
GCCCAGACAGGCACTC-1_PBMC-PBMCs	PBMCs
GCTACCTAGGTTCTAC-1_PBMC-PBMCs	PBMCs
GCTGCAGTCTCGTTTA-1_PBMC-PBMCs	PBMCs
GGAATCTCATCTGCGG-1_PBMC-PBMCs	PBMCs
GGCGTCAAGATACTGA-1_PBMC-PBMCs	PBMCs
GGGACAACACAAATGA-1_PBMC-PBMCs	PBMCs
GGGTAGAAGCACGTCC-1_PBMC-PBMCs	PBMCs
GGTTGTAGTATCGCTA-1_PBMC-PBMCs	PBMCs
GTAATGCCACAAGTTC-1_PBMC-PBMCs	PBMCs
GTAGAAATCTATCGCC-1_PBMC-PBMCs	PBMCs
GTAGTACAGGTGGCTA-1_PBMC-PBMCs	PBMCs
GTCATTTGTCTACATG-1_PBMC-PBMCs	PBMCs
GTCGCGATCCTCAGAA-1_PBMC-PBMCs	PBMCs
GTGAGCCGTTGCTCAA-1_PBMC-PBMCs	PBMCs
GTGCACGGTAGTCTGT-1_PBMC-PBMCs	PBMCs
GTGCTGGTCATGCCCT-1_PBMC-PBMCs	PBMCs
GTGCTTCAGATCGGTG-1_PBMC-PBMCs	PBMCs
GTGGGAACACTTCCTG-1_PBMC-PBMCs	PBMCs
GTTACGACACCAACAT-1_PBMC-PBMCs	PBMCs
GTTGCGGTCAGAATAG-1_PBMC-PBMCs	PBMCs
TAAGCGTGTCTACAAC-1_PBMC-PBMCs	PBMCs
TACACCCAGAGCAGCT-1_PBMC-PBMCs	PBMCs
TACTTGTGTATACAGA-1_PBMC-PBMCs	PBMCs
TAGGTTGCAAAGCTAA-1_PBMC-PBMCs	PBMCs
TAGGTTGCAAGGCGTA-1_PBMC-PBMCs	PBMCs
TATCGCCGTCTTCGAA-1_PBMC-PBMCs	PBMCs
TATTGCTGTGTCCGTG-1_PBMC-PBMCs	PBMCs
TCACTATTCCGCCTAT-1_PBMC-PBMCs	PBMCs
TCATATCTCGTAGCTA-1_PBMC-PBMCs	PBMCs
TCATGTTCACGGCTAC-1_PBMC-PBMCs	PBMCs
TCCTCGACACATACGT-1_PBMC-PBMCs	PBMCs
TCCTTTCTCGCGTAGC-1_PBMC-PBMCs	PBMCs
TCGGGCACACTGCACG-1_PBMC-PBMCs	PBMCs
TCGTCCACACGCCAGT-1_PBMC-PBMCs	PBMCs
TCTAACTAGGATCACG-1_PBMC-PBMCs	PBMCs
TCTACCGTCCTAAACG-1_PBMC-PBMCs	PBMCs
TCTCTGGTCCTACCGT-1_PBMC-PBMCs	PBMCs
TCTGGCTTCTGCTTAT-1_PBMC-PBMCs	PBMCs
TCTTGCGAGGTAAACT-1_PBMC-PBMCs	PBMCs
TGCATGAAGGGCATGT-1_PBMC-PBMCs	PBMCs
TGCTTCGGTTCTCTCG-1_PBMC-PBMCs	PBMCs
TGTCCACTCCGGGACT-1_PBMC-PBMCs	PBMCs
TGTCCCAGTCACTTCC-1_PBMC-PBMCs	PBMCs
TTACTGTCACTGTCGG-1_PBMC-PBMCs	PBMCs
TTCCGGTCACTATCCC-1_PBMC-PBMCs	PBMCs
TTGGGATGTTTACCTT-1_PBMC-PBMCs	PBMCs
TTGGGTATCTAAGCCA-1_PBMC-PBMCs	PBMCs
TTTATGCAGAGTTGTA-1_PBMC-PBMCs	PBMCs
AAACCCACACATATGC-1_PC9-PC9	PC9
AACCATGAGTTTCGAC-1_PC9-PC9	PC9
AAGTCGTAGGTCTACT-1_PC9-PC9	PC9
AATCACGGTACCCGAC-1_PC9-PC9	PC9
AATCGTGAGCTGTGCC-1_PC9-PC9	PC9
ACAACCATCACTTATC-1_PC9-PC9	PC9
ACCAAACCATGGAACG-1_PC9-PC9	PC9
ACTATCTTCTGAATGC-1_PC9-PC9	PC9
ACTGCAATCGCCGAAC-1_PC9-PC9	PC9
ACTGTCCAGCATCAAA-1_PC9-PC9	PC9
ACTTCGCTCATAGGCT-1_PC9-PC9	PC9
AGCCACGAGTGCGTCC-1_PC9-PC9	PC9
AGCTACAAGCGTGTCC-1_PC9-PC9	PC9
AGGGCCTGTATCTTCT-1_PC9-PC9	PC9
AGGGCCTGTCATCGCG-1_PC9-PC9	PC9
AGGGTCCCATAGCTGT-1_PC9-PC9	PC9
AGGGTCCGTACAGTCT-1_PC9-PC9	PC9
AGGTGTTGTATACCCA-1_PC9-PC9	PC9
AGTACTGAGAGGATCC-1_PC9-PC9	PC9
AGTCTCCAGCTCTTCC-1_PC9-PC9	PC9
ATCGTGAGTACTCGCG-1_PC9-PC9	PC9
ATGCATGGTCTCTCCA-1_PC9-PC9	PC9
ATTATCCAGACTTGTC-1_PC9-PC9	PC9
ATTCCTAAGATCGCTT-1_PC9-PC9	PC9
ATTGTTCCAGTAACGG-1_PC9-PC9	PC9
CAACAACTCATGCCGG-1_PC9-PC9	PC9
CAACGATCATCTTCGC-1_PC9-PC9	PC9
CAACGGCTCAAACCTG-1_PC9-PC9	PC9
CAAGAGGAGAAGTCCG-1_PC9-PC9	PC9
CAATTTCAGCAGTAAT-1_PC9-PC9	PC9
CAGCGTGTCAATCTCT-1_PC9-PC9	PC9
CAGTGCGAGGTCACAG-1_PC9-PC9	PC9
CATCGGGCACAACATC-1_PC9-PC9	PC9
CATGCAAGTATGAGCG-1_PC9-PC9	PC9
CATTCATTCCCTCTCC-1_PC9-PC9	PC9
CATTTCACACCGTCTT-1_PC9-PC9	PC9
CCAAGCGGTACGTAGG-1_PC9-PC9	PC9
CCACGAGAGGTAAGTT-1_PC9-PC9	PC9
CCATCACTCCGCTAGG-1_PC9-PC9	PC9
CCCGGAAAGAGCTGAC-1_PC9-PC9	PC9
CGAATTGAGCTAATGA-1_PC9-PC9	PC9
CGATGCGGTAACGCGA-1_PC9-PC9	PC9
CGATGGCGTCTTGGTA-1_PC9-PC9	PC9
CGTAAGTTCTGTTGGA-1_PC9-PC9	PC9
CGTCAAATCGTGGAAG-1_PC9-PC9	PC9
CGTCCATTCCAATCCC-1_PC9-PC9	PC9
CGTGTCTAGTACCCTA-1_PC9-PC9	PC9
CTACATTTCCGTGACG-1_PC9-PC9	PC9
CTACCTGTCGACGCTG-1_PC9-PC9	PC9
CTACGGGAGTCCGCGT-1_PC9-PC9	PC9
CTCGAGGAGCTCGAAG-1_PC9-PC9	PC9
CTGCAGGGTTCGTTCC-1_PC9-PC9	PC9
CTGGACGAGCCACAAG-1_PC9-PC9	PC9
CTGGACGGTCCACTCT-1_PC9-PC9	PC9
CTGTGAAGTCTTTCTA-1_PC9-PC9	PC9
CTGTGGGGTACGTAGG-1_PC9-PC9	PC9
CTTGATTTCGGCTTCT-1_PC9-PC9	PC9
CTTTCAAAGTAGGAAG-1_PC9-PC9	PC9
GAAGCCCGTCATGGCC-1_PC9-PC9	PC9
GAATAGATCGTGACTA-1_PC9-PC9	PC9
GACTTCCGTTCTCTCG-1_PC9-PC9	PC9
GATCCCTAGGATGAGA-1_PC9-PC9	PC9
GATTCGAGTGTCCGTG-1_PC9-PC9	PC9
GCATCGGAGTGAGGCT-1_PC9-PC9	PC9
GCCATGGGTAACTAAG-1_PC9-PC9	PC9
GCGTGCATCCGATAAC-1_PC9-PC9	PC9
GCTACAACAGCTGCCA-1_PC9-PC9	PC9
GGAATCTTCGATCCCT-1_PC9-PC9	PC9
GGAGAACAGTAGTCTC-1_PC9-PC9	PC9
GGATGTTTCAGCGCGT-1_PC9-PC9	PC9
GGGATCCTCAGGAAAT-1_PC9-PC9	PC9
GGGCTACCAAGAGGTC-1_PC9-PC9	PC9
GGGTCACGTCAGACTT-1_PC9-PC9	PC9
GGTGTCGAGTGTGTTC-1_PC9-PC9	PC9
GGTGTCGGTCTACTGA-1_PC9-PC9	PC9
GGTGTCGGTTCCAGGC-1_PC9-PC9	PC9
GTAAGTCGTTCTAACG-1_PC9-PC9	PC9
GTCGTAATCCATTGGA-1_PC9-PC9	PC9
GTGGGAACATTAGGAA-1_PC9-PC9	PC9
GTTGCTCAGGCCTGAA-1_PC9-PC9	PC9
GTTTACTGTGCAACAG-1_PC9-PC9	PC9
TAACGACAGACCTCAT-1_PC9-PC9	PC9
TAAGCGTGTGGATTTC-1_PC9-PC9	PC9
TACCCGTAGGTATCTC-1_PC9-PC9	PC9
TAGACCAAGTGCAACG-1_PC9-PC9	PC9
TATTGCTAGTCACAGG-1_PC9-PC9	PC9
TCAATTCTCGCGTTTC-1_PC9-PC9	PC9
TCCACGTAGTGATAGT-1_PC9-PC9	PC9
TCCCAGTTCAAGCCGC-1_PC9-PC9	PC9
TCCGATCAGGATTTGA-1_PC9-PC9	PC9
TCCTAATGTGCAATAA-1_PC9-PC9	PC9
TCGATTTGTCGTGGAA-1_PC9-PC9	PC9
TCGGGACCAACAGCCC-1_PC9-PC9	PC9
TCTCTGGGTGACTCTA-1_PC9-PC9	PC9
TCTGTCGTCGGTCTAA-1_PC9-PC9	PC9
TGCGATATCCACCTCA-1_PC9-PC9	PC9
TGCTCGTCATCATCTT-1_PC9-PC9	PC9
TGGCGTGTCGCAGTCG-1_PC9-PC9	PC9
TGTGTGAAGCACTAGG-1_PC9-PC9	PC9
TTATTGCTCAACGTGT-1_PC9-PC9	PC9
